Symbol,Market,Signal,Score,Price,RSI,RVOL,Reasons
CPALL.BK,SET,EARLY BUY,100,46.5,55.5,1.97,"EMA9 Cross EMA20, EMA20 Rising, EMA20 > EMA50, EMA50 > EMA200, Close > EMA20, Near EMA20, Healthy RSI, RVOL > 1.5, MACD Bullish, Volume Increasing"
HON,USA,WATCH,100,229.01,56.4,1.24,"EMA9 Cross EMA20, EMA20 Rising, EMA20 > EMA50, EMA50 > EMA200, Close > EMA20, Near EMA20, Healthy RSI, MACD Bullish, Volume Increasing"
M-STOR.BK,SET,EARLY BUY,100,8.0,51.0,1.86,"EMA9 Cross EMA20, EMA20 Rising, EMA20 > EMA50, EMA50 > EMA200, Close > EMA20, Near EMA20, RVOL > 1.5, Volume Increasing"
EASON.BK,SET,EARLY BUY,100,1.1,58.4,7.26,"EMA9 Cross EMA20, EMA20 Rising, EMA20 > EMA50, EMA50 > EMA200, Close > EMA20, Near EMA20, Healthy RSI, RVOL > 1.5, MACD Bullish, Volume Increasing"
ORN.BK,SET,WATCH,100,0.8,58.8,0.37,"EMA9 Cross EMA20, EMA20 Rising, EMA20 > EMA50, EMA50 > EMA200, Close > EMA20, Near EMA20, Healthy RSI, MACD Bullish"
SIRI.BK,SET,WATCH,100,1.44,57.7,1.08,"EMA9 Cross EMA20, EMA20 Rising, EMA20 > EMA50, EMA50 > EMA200, Close > EMA20, Near EMA20, Healthy RSI, MACD Bullish, Volume Increasing"
ASIAN.BK,SET,EARLY BUY,100,7.05,59.0,2.53,"EMA9 Cross EMA20, EMA20 Rising, EMA50 > EMA200, Close > EMA20, Near EMA20, Healthy RSI, RVOL > 1.5, MACD Bullish, Volume Increasing"
LH.BK,SET,EARLY BUY,100,3.68,54.2,2.5,"EMA9 Cross EMA20, EMA20 Rising, EMA50 > EMA200, Close > EMA20, Near EMA20, RVOL > 1.5, MACD Bullish, Volume Increasing"
UNIQ.BK,SET,EARLY BUY,100,2.8,56.8,3.0,"EMA9 Cross EMA20, EMA20 Rising, EMA20 > EMA50, EMA50 > EMA200, Close > EMA20, Near EMA20, Healthy RSI, RVOL > 1.5, Volume Increasing"
ABNB,USA,EARLY BUY,100,142.41,63.0,1.92,"EMA9 Cross EMA20, EMA20 Rising, EMA20 > EMA50, EMA50 > EMA200, Close > EMA20, Healthy RSI, RVOL > 1.5, MACD Bullish, Volume Increasing"
RPH.BK,SET,WATCH,100,4.92,59.6,0.54,"EMA9 Cross EMA20, EMA20 Rising, EMA20 > EMA50, EMA50 > EMA200, Close > EMA20, Near EMA20, Healthy RSI, MACD Bullish"
CPI.BK,SET,WATCH,95,3.46,56.4,0.22,"EMA9 Cross EMA20, EMA20 Rising, EMA20 > EMA50, EMA50 > EMA200, Close > EMA20, Near EMA20, Healthy RSI"
BEAUTY.BK,SET,WATCH,95,0.38,55.7,0.52,"EMA9 Cross EMA20, EMA20 Rising, EMA20 > EMA50, Close > EMA20, Near EMA20, Healthy RSI, MACD Bullish, Volume Increasing"
THMUI.BK,SET,EARLY BUY,95,0.33,52.7,4.52,"EMA9 Cross EMA20, EMA20 Rising, EMA20 > EMA50, EMA50 > EMA200, Close > EMA20, RVOL > 1.5, MACD Bullish"
MPJ.BK,SET,WATCH,95,3.58,55.8,0.75,"EMA9 Cross EMA20, EMA20 Rising, EMA50 > EMA200, Close > EMA20, Near EMA20, Healthy RSI, MACD Bullish, Volume Increasing"
FM.BK,SET,WATCH,95,4.16,57.7,0.81,"EMA9 Cross EMA20, EMA20 Rising, EMA20 > EMA50, EMA50 > EMA200, Close > EMA20, Near EMA20, Healthy RSI"
CKP.BK,SET,EARLY BUY,95,2.46,66.6,1.69,"EMA9 Cross EMA20, EMA20 Rising, EMA20 > EMA50, EMA50 > EMA200, Close > EMA20, RVOL > 1.5, MACD Bullish"
SBUX,USA,WATCH,95,100.65,51.3,1.29,"EMA9 Cross EMA20, EMA20 Rising, EMA20 > EMA50, EMA50 > EMA200, Close > EMA20, Near EMA20, MACD Bullish, Volume Increasing"
BTS.BK,SET,EARLY BUY,95,2.12,60.7,1.84,"EMA9 Cross EMA20, EMA20 Rising, Close > EMA20, Near EMA20, Healthy RSI, RVOL > 1.5, MACD Bullish"
JPARK.BK,SET,WATCH,95,3.18,57.3,1.08,"EMA9 Cross EMA20, EMA20 Rising, EMA20 > EMA50, Close > EMA20, Near EMA20, Healthy RSI, MACD Bullish, Volume Increasing"
PRM.BK,SET,WATCH,90,8.8,61.4,1.12,"EMA9 Cross EMA20, EMA20 Rising, EMA20 > EMA50, EMA50 > EMA200, Close > EMA20, Healthy RSI, MACD Bullish"
ALUCON.BK,SET,WATCH,90,235.0,51.8,1.33,"EMA9 Cross EMA20, EMA20 Rising, EMA20 > EMA50, EMA50 > EMA200, Close > EMA20, Near EMA20, Volume Increasing"
SSSC.BK,SET,WATCH,90,2.14,54.9,0.9,"EMA9 Cross EMA20, EMA20 Rising, EMA20 > EMA50, EMA50 > EMA200, Close > EMA20, Near EMA20, MACD Bullish"
JR.BK,SET,WATCH,90,1.71,64.0,0.38,"EMA9 Cross EMA20, EMA20 Rising, EMA50 > EMA200, Close > EMA20, Near EMA20, Healthy RSI, MACD Bullish"
ACE.BK,SET,WATCH,90,1.29,52.1,0.5,"EMA9 Cross EMA20, EMA20 Rising, EMA20 > EMA50, EMA50 > EMA200, Close > EMA20, Near EMA20, Volume Increasing"
SRIPANWA.BK,SET,WATCH,90,5.1,51.8,0.02,"EMA9 Cross EMA20, EMA20 Rising, EMA20 > EMA50, EMA50 > EMA200, Close > EMA20, Near EMA20, MACD Bullish"
PROEN.BK,SET,EARLY BUY,90,0.95,57.2,4.39,"EMA9 Cross EMA20, EMA20 Rising, Close > EMA20, Healthy RSI, RVOL > 1.5, MACD Bullish, Volume Increasing"
YONG.BK,SET,WATCH,90,0.73,56.9,0.55,"EMA9 Cross EMA20, EMA20 Rising, EMA50 > EMA200, Close > EMA20, Near EMA20, Healthy RSI, MACD Bullish"
NCH.BK,SET,EARLY BUY,90,0.41,64.8,5.97,"EMA9 Cross EMA20, EMA20 Rising, Close > EMA20, Healthy RSI, RVOL > 1.5, MACD Bullish, Volume Increasing"
MC.BK,SET,WATCH,90,11.2,54.8,0.24,"EMA9 Cross EMA20, EMA20 Rising, EMA20 > EMA50, EMA50 > EMA200, Close > EMA20, Near EMA20, MACD Bullish"
WFX.BK,SET,WATCH,90,1.02,57.6,0.77,"EMA9 Cross EMA20, EMA20 Rising, EMA50 > EMA200, Close > EMA20, Near EMA20, Healthy RSI, MACD Bullish"
MITSIB.BK,SET,WATCH,90,0.55,57.5,0.37,"EMA9 Cross EMA20, EMA20 Rising, EMA20 > EMA50, Close > EMA20, Near EMA20, Healthy RSI, MACD Bullish"
BJC.BK,SET,EARLY BUY,90,14.3,52.7,1.81,"EMA9 Cross EMA20, EMA20 Rising, Close > EMA20, Near EMA20, RVOL > 1.5, MACD Bullish, Volume Increasing"
POLY.BK,SET,WATCH,90,7.0,57.6,0.67,"EMA9 Cross EMA20, EMA20 Rising, EMA50 > EMA200, Close > EMA20, Near EMA20, Healthy RSI, MACD Bullish"
ZAA.BK,SET,WATCH,90,1.8,57.3,0.01,"EMA9 Cross EMA20, EMA20 Rising, EMA50 > EMA200, Close > EMA20, Near EMA20, Healthy RSI, MACD Bullish"
ARIP.BK,SET,WATCH,90,0.45,53.4,0.2,"EMA9 Cross EMA20, EMA20 Rising, EMA20 > EMA50, EMA50 > EMA200, Close > EMA20, Near EMA20, MACD Bullish"
THRE.BK,SET,WATCH,85,0.37,55.7,0.46,"EMA9 Cross EMA20, EMA20 Rising, Close > EMA20, Near EMA20, Healthy RSI, MACD Bullish, Volume Increasing"
TIPH.BK,SET,WATCH,85,21.8,55.1,3.98,"EMA20 Rising, EMA20 > EMA50, EMA50 > EMA200, Close > EMA20, Near EMA20, Healthy RSI, RVOL > 1.5, MACD Bullish, Volume Increasing"
TYCN.BK,SET,WATCH,85,1.71,56.9,0.0,"EMA9 Cross EMA20, EMA20 Rising, Close > EMA20, Near EMA20, Healthy RSI, MACD Bullish, Volume Increasing"
ITC.BK,SET,WATCH,85,16.5,57.9,1.67,"EMA20 Rising, EMA20 > EMA50, EMA50 > EMA200, Close > EMA20, Near EMA20, Healthy RSI, RVOL > 1.5, MACD Bullish, Volume Increasing"
PCAR,USA,WATCH,85,118.95,55.1,1.91,"EMA20 Rising, EMA20 > EMA50, EMA50 > EMA200, Close > EMA20, Near EMA20, Healthy RSI, RVOL > 1.5, MACD Bullish, Volume Increasing"
LHSC.BK,SET,WATCH,85,14.7,57.3,2.46,"EMA20 Rising, EMA20 > EMA50, EMA50 > EMA200, Close > EMA20, Near EMA20, Healthy RSI, RVOL > 1.5, MACD Bullish, Volume Increasing"
INETREIT.BK,SET,WATCH,85,12.6,61.9,1.69,"EMA20 Rising, EMA20 > EMA50, EMA50 > EMA200, Close > EMA20, Near EMA20, Healthy RSI, RVOL > 1.5, MACD Bullish, Volume Increasing"
TPL.BK,SET,WATCH,85,0.55,53.8,0.13,"EMA9 Cross EMA20, EMA20 Rising, EMA20 > EMA50, EMA50 > EMA200, Close > EMA20, Near EMA20"
LUXF.BK,SET,WATCH,85,9.1,58.5,3.02,"EMA20 Rising, EMA20 > EMA50, EMA50 > EMA200, Close > EMA20, Near EMA20, Healthy RSI, RVOL > 1.5, MACD Bullish, Volume Increasing"
ETE.BK,SET,WATCH,85,0.59,53.0,1.6,"EMA9 Cross EMA20, EMA20 Rising, Close > EMA20, Near EMA20, RVOL > 1.5, MACD Bullish"
CPF.BK,SET,WATCH,85,19.2,53.4,1.79,"EMA9 Cross EMA20, EMA20 Rising, Close > EMA20, Near EMA20, RVOL > 1.5, MACD Bullish"
BDMS.BK,SET,WATCH,85,18.3,51.2,1.82,"EMA9 Cross EMA20, EMA20 Rising, Close > EMA20, Near EMA20, RVOL > 1.5, MACD Bullish"
NYT.BK,SET,WATCH,85,3.84,60.9,2.31,"EMA20 Rising, EMA20 > EMA50, EMA50 > EMA200, Close > EMA20, Near EMA20, Healthy RSI, RVOL > 1.5, MACD Bullish, Volume Increasing"
DIF.BK,SET,WATCH,85,10.1,55.8,3.05,"EMA20 Rising, EMA20 > EMA50, EMA50 > EMA200, Close > EMA20, Near EMA20, Healthy RSI, RVOL > 1.5, MACD Bullish, Volume Increasing"
EGCO.BK,SET,WATCH,85,120.0,62.1,2.74,"EMA20 Rising, EMA20 > EMA50, EMA50 > EMA200, Close > EMA20, Near EMA20, Healthy RSI, RVOL > 1.5, MACD Bullish, Volume Increasing"
MAR,USA,WATCH,85,396.2,62.7,1.87,"EMA20 Rising, EMA20 > EMA50, EMA50 > EMA200, Close > EMA20, Near EMA20, Healthy RSI, RVOL > 1.5, MACD Bullish, Volume Increasing"
SKR.BK,SET,WATCH,80,7.7,68.6,0.8,"EMA9 Cross EMA20, EMA20 Rising, EMA20 > EMA50, EMA50 > EMA200, Close > EMA20, MACD Bullish"
NXPI,USA,WATCH,80,313.27,55.5,1.89,"EMA20 Rising, EMA20 > EMA50, EMA50 > EMA200, Close > EMA20, Near EMA20, Healthy RSI, RVOL > 1.5, Volume Increasing"
SNPS.BK,SET,WATCH,80,4.54,53.8,0.11,"EMA9 Cross EMA20, EMA20 Rising, EMA50 > EMA200, Close > EMA20, Near EMA20, MACD Bullish"
IMH.BK,SET,WATCH,80,2.98,56.5,0.66,"EMA9 Cross EMA20, EMA20 Rising, Close > EMA20, Near EMA20, Healthy RSI, MACD Bullish"
MNST,USA,WATCH,80,91.34,62.5,2.17,"EMA20 Rising, EMA20 > EMA50, EMA50 > EMA200, Close > EMA20, Near EMA20, Healthy RSI, RVOL > 1.5, Volume Increasing"
MTC.BK,SET,WATCH,80,29.5,55.0,0.67,"EMA9 Cross EMA20, EMA20 Rising, Close > EMA20, Near EMA20, Healthy RSI, MACD Bullish"
TNPF.BK,SET,WATCH,80,1.05,63.0,0.22,"EMA9 Cross EMA20, EMA20 Rising, Close > EMA20, Near EMA20, Healthy RSI, MACD Bullish"
HMPRO.BK,SET,WATCH,80,6.15,56.4,1.08,"EMA9 Cross EMA20, EMA20 Rising, Close > EMA20, Near EMA20, Healthy RSI, MACD Bullish"
VRANDA.BK,SET,WATCH,80,4.46,64.6,1.88,"EMA20 Rising, EMA20 > EMA50, EMA50 > EMA200, Close > EMA20, Near EMA20, Healthy RSI, RVOL > 1.5, Volume Increasing"
GJS.BK,SET,WATCH,80,0.14,53.5,0.15,"EMA9 Cross EMA20, EMA20 Rising, EMA20 > EMA50, EMA50 > EMA200, Close > EMA20, Volume Increasing"
LHRREIT.BK,SET,WATCH,80,4.36,47.1,1.92,"EMA9 Cross EMA20, EMA20 > EMA50, EMA50 > EMA200, Near EMA20, RVOL > 1.5"
SFLEX.BK,SET,WATCH,80,2.9,63.9,0.45,"EMA9 Cross EMA20, EMA20 Rising, Close > EMA20, Near EMA20, Healthy RSI, MACD Bullish"
PLT.BK,SET,WATCH,80,0.55,59.2,0.4,"EMA9 Cross EMA20, EMA20 Rising, Close > EMA20, Near EMA20, Healthy RSI, MACD Bullish"
CDNS,USA,WATCH,80,387.39,55.3,2.63,"EMA20 Rising, EMA20 > EMA50, EMA50 > EMA200, Close > EMA20, Near EMA20, Healthy RSI, RVOL > 1.5, Volume Increasing"
PTG.BK,SET,WATCH,80,7.45,50.8,0.62,"EMA9 Cross EMA20, EMA20 Rising, EMA50 > EMA200, Close > EMA20, Near EMA20, MACD Bullish"
BRR.BK,SET,WATCH,80,3.62,56.8,0.58,"EMA9 Cross EMA20, EMA20 Rising, Close > EMA20, Near EMA20, Healthy RSI, MACD Bullish"
QHHRREIT.BK,SET,WATCH,80,7.9,64.4,1.53,"EMA20 Rising, EMA20 > EMA50, EMA50 > EMA200, Close > EMA20, Near EMA20, Healthy RSI, RVOL > 1.5, Volume Increasing"
CSCO,USA,WATCH,80,119.54,55.8,2.04,"EMA20 Rising, EMA20 > EMA50, EMA50 > EMA200, Close > EMA20, Near EMA20, Healthy RSI, RVOL > 1.5, Volume Increasing"
TATG.BK,SET,WATCH,80,0.99,61.7,1.65,"EMA20 Rising, EMA20 > EMA50, EMA50 > EMA200, Close > EMA20, Near EMA20, Healthy RSI, RVOL > 1.5, MACD Bullish"
BLESS.BK,SET,WATCH,80,0.25,54.2,0.22,"EMA9 Cross EMA20, EMA20 Rising, EMA20 > EMA50, EMA50 > EMA200, Close > EMA20, MACD Bullish"
AIMIRT.BK,SET,WATCH,80,11.5,59.3,1.65,"EMA20 Rising, EMA20 > EMA50, EMA50 > EMA200, Close > EMA20, Near EMA20, Healthy RSI, RVOL > 1.5, Volume Increasing"
IFS.BK,SET,WATCH,75,1.84,55.0,0.29,"EMA9 Cross EMA20, EMA20 Rising, Close > EMA20, Near EMA20, MACD Bullish, Volume Increasing"
TC.BK,SET,WATCH,75,5.85,69.2,2.16,"EMA20 Rising, EMA20 > EMA50, EMA50 > EMA200, Close > EMA20, Near EMA20, RVOL > 1.5, MACD Bullish, Volume Increasing"
GROREIT.BK,SET,WATCH,75,8.7,59.4,1.58,"EMA20 Rising, EMA20 > EMA50, EMA50 > EMA200, Close > EMA20, Near EMA20, Healthy RSI, RVOL > 1.5"
LDC.BK,SET,WATCH,75,0.25,52.7,1.15,"EMA9 Cross EMA20, EMA20 Rising, Close > EMA20, Near EMA20, MACD Bullish, Volume Increasing"
SE-ED.BK,SET,WATCH,75,1.69,52.3,0.06,"EMA9 Cross EMA20, EMA20 Rising, EMA20 > EMA50, Close > EMA20, Near EMA20"
CI.BK,SET,WATCH,75,0.34,56.1,7.6,"EMA20 Rising, EMA20 > EMA50, EMA50 > EMA200, Close > EMA20, Healthy RSI, RVOL > 1.5, MACD Bullish, Volume Increasing"
TCMC.BK,SET,WATCH,75,0.32,54.0,1.37,"EMA9 Cross EMA20, EMA20 Rising, Close > EMA20, Near EMA20, MACD Bullish, Volume Increasing"
SPCG.BK,SET,WATCH,75,8.9,53.1,0.89,"EMA9 Cross EMA20, EMA20 Rising, EMA50 > EMA200, Close > EMA20, Near EMA20"
TFFIF.BK,SET,WATCH,75,6.65,54.0,3.09,"EMA20 Rising, EMA20 > EMA50, EMA50 > EMA200, Close > EMA20, Near EMA20, RVOL > 1.5, MACD Bullish, Volume Increasing"
BSBM.BK,SET,WATCH,75,0.6,52.2,0.29,"EMA9 Cross EMA20, EMA20 Rising, EMA20 > EMA50, Close > EMA20, Near EMA20"
BM.BK,SET,WATCH,75,1.05,60.6,1.82,"EMA20 Rising, EMA20 > EMA50, Close > EMA20, Near EMA20, Healthy RSI, RVOL > 1.5, MACD Bullish, Volume Increasing"
SABINA.BK,SET,WATCH,75,15.2,53.2,0.6,"EMA9 Cross EMA20, EMA20 Rising, EMA50 > EMA200, Close > EMA20, Near EMA20"
VRTX,USA,WATCH,75,451.63,56.0,2.14,"EMA20 Rising, EMA20 > EMA50, Close > EMA20, Near EMA20, Healthy RSI, RVOL > 1.5, MACD Bullish, Volume Increasing"
BAREIT.BK,SET,WATCH,75,11.0,67.9,1.59,"EMA20 Rising, EMA20 > EMA50, EMA50 > EMA200, Close > EMA20, Near EMA20, RVOL > 1.5, MACD Bullish, Volume Increasing"
MTW.BK,SET,WATCH,75,0.8,53.6,0.22,"EMA9 Cross EMA20, EMA20 Rising, Close > EMA20, Near EMA20, MACD Bullish, Volume Increasing"
SUPEREIF.BK,SET,WATCH,75,6.1,69.8,3.84,"EMA20 Rising, EMA20 > EMA50, EMA50 > EMA200, Close > EMA20, Near EMA20, RVOL > 1.5, MACD Bullish, Volume Increasing"
LIN,USA,WATCH,75,512.15,52.5,2.01,"EMA20 Rising, EMA20 > EMA50, EMA50 > EMA200, Close > EMA20, Near EMA20, RVOL > 1.5, MACD Bullish, Volume Increasing"
VGI.BK,SET,WATCH,75,0.93,52.6,0.3,"EMA9 Cross EMA20, EMA20 Rising, EMA20 > EMA50, Close > EMA20, Near EMA20"
K.BK,SET,WATCH,75,0.99,52.9,0.15,"EMA9 Cross EMA20, EMA20 Rising, Close > EMA20, Near EMA20, MACD Bullish, Volume Increasing"
NATION.BK,SET,WATCH,75,0.04,51.4,2.49,"EMA20 Rising, EMA20 > EMA50, EMA50 > EMA200, Close > EMA20, Near EMA20, RVOL > 1.5, MACD Bullish, Volume Increasing"
PG.BK,SET,WATCH,75,6.6,50.7,2.36,"EMA20 Rising, EMA20 > EMA50, EMA50 > EMA200, Close > EMA20, Near EMA20, RVOL > 1.5, MACD Bullish, Volume Increasing"
LHHOTEL.BK,SET,WATCH,75,13.3,66.1,2.52,"EMA20 Rising, EMA20 > EMA50, EMA50 > EMA200, Close > EMA20, Near EMA20, RVOL > 1.5, MACD Bullish, Volume Increasing"
VS.BK,SET,WATCH,75,0.27,53.0,1.1,"EMA9 Cross EMA20, EMA20 Rising, Close > EMA20, Near EMA20, MACD Bullish, Volume Increasing"
ADI,USA,WATCH,75,434.46,59.0,2.26,"EMA20 Rising, EMA20 > EMA50, EMA50 > EMA200, Close > EMA20, Healthy RSI, RVOL > 1.5, MACD Bullish, Volume Increasing"
MEGA.BK,SET,WATCH,75,35.0,49.4,0.57,"EMA9 Cross EMA20, EMA20 > EMA50, EMA50 > EMA200, Near EMA20, MACD Bullish, Volume Increasing"
TMT.BK,SET,SKIP,70,3.46,51.6,1.65,"EMA20 Rising, EMA20 > EMA50, EMA50 > EMA200, Close > EMA20, Near EMA20, RVOL > 1.5, Volume Increasing"
ITD.BK,SET,SKIP,70,0.37,59.0,1.64,"EMA20 Rising, EMA20 > EMA50, EMA50 > EMA200, Close > EMA20, Healthy RSI, RVOL > 1.5, Volume Increasing"
TWP.BK,SET,SKIP,70,1.18,56.9,0.49,"EMA20 Rising, EMA20 > EMA50, EMA50 > EMA200, Close > EMA20, Near EMA20, Healthy RSI, MACD Bullish, Volume Increasing"
AUCT.BK,SET,SKIP,70,4.24,55.1,0.53,"EMA9 Cross EMA20, EMA20 Rising, Close > EMA20, Healthy RSI, MACD Bullish"
BIIB,USA,SKIP,70,196.58,52.4,1.67,"EMA20 Rising, EMA20 > EMA50, EMA50 > EMA200, Close > EMA20, Near EMA20, RVOL > 1.5, Volume Increasing"
MEDEZE.BK,SET,SKIP,70,6.15,50.7,0.74,"EMA9 Cross EMA20, EMA20 Rising, Close > EMA20, Near EMA20, MACD Bullish"
BCH.BK,SET,SKIP,70,9.4,53.8,0.92,"EMA9 Cross EMA20, EMA20 Rising, Close > EMA20, Near EMA20, MACD Bullish"
FAST,USA,SKIP,70,45.89,53.3,1.57,"EMA20 Rising, EMA20 > EMA50, EMA50 > EMA200, Close > EMA20, Near EMA20, RVOL > 1.5, Volume Increasing"
ATP30.BK,SET,SKIP,70,0.83,55.9,4.64,"EMA20 Rising, EMA20 > EMA50, Close > EMA20, Near EMA20, Healthy RSI, RVOL > 1.5, MACD Bullish"
PJW.BK,SET,SKIP,70,2.06,62.1,1.41,"EMA20 Rising, EMA20 > EMA50, EMA50 > EMA200, Close > EMA20, Near EMA20, Healthy RSI, MACD Bullish, Volume Increasing"
SHANG.BK,SET,SKIP,70,45.0,52.9,0.0,"EMA9 Cross EMA20, EMA20 Rising, Close > EMA20, Near EMA20, MACD Bullish"
SYMC.BK,SET,SKIP,70,5.1,62.6,2.82,"EMA20 Rising, EMA20 > EMA50, EMA50 > EMA200, Close > EMA20, Healthy RSI, RVOL > 1.5, Volume Increasing"
PYLON.BK,SET,SKIP,70,3.34,54.4,6.27,"EMA20 Rising, EMA20 > EMA50, EMA50 > EMA200, Close > EMA20, Near EMA20, RVOL > 1.5, Volume Increasing"
B-WORK.BK,SET,SKIP,70,6.25,70.1,2.38,"EMA20 Rising, EMA20 > EMA50, EMA50 > EMA200, Close > EMA20, Near EMA20, RVOL > 1.5, Volume Increasing"
APP.BK,SET,SKIP,70,2.56,58.3,1.15,"EMA20 Rising, EMA20 > EMA50, EMA50 > EMA200, Close > EMA20, Near EMA20, Healthy RSI, MACD Bullish, Volume Increasing"
MADAME.BK,SET,SKIP,70,0.5,49.8,0.66,"EMA9 Cross EMA20, EMA20 Rising, Close > EMA20, Near EMA20, MACD Bullish"
CPN.BK,SET,SKIP,70,65.0,52.6,2.91,"EMA20 Rising, EMA20 > EMA50, EMA50 > EMA200, Close > EMA20, Near EMA20, RVOL > 1.5, Volume Increasing"
CFARM.BK,SET,SKIP,70,0.84,63.0,1.76,"EMA20 Rising, EMA20 > EMA50, EMA50 > EMA200, Close > EMA20, Healthy RSI, RVOL > 1.5, MACD Bullish"
QHOP.BK,SET,SKIP,70,3.26,53.3,1.73,"EMA20 Rising, EMA20 > EMA50, EMA50 > EMA200, Close > EMA20, Near EMA20, RVOL > 1.5, Volume Increasing"
QLT.BK,SET,SKIP,70,1.51,52.8,0.0,"EMA9 Cross EMA20, EMA20 Rising, Close > EMA20, Near EMA20, MACD Bullish"
SAWAD.BK,SET,SKIP,70,21.9,52.1,0.58,"EMA9 Cross EMA20, EMA20 Rising, Close > EMA20, Near EMA20, MACD Bullish"
FTNT,USA,SKIP,70,144.73,63.7,2.62,"EMA20 Rising, EMA20 > EMA50, EMA50 > EMA200, Close > EMA20, Healthy RSI, RVOL > 1.5, Volume Increasing"
KDP,USA,SKIP,70,30.76,55.0,1.64,"EMA20 Rising, EMA20 > EMA50, EMA50 > EMA200, Close > EMA20, Near EMA20, RVOL > 1.5, Volume Increasing"
FTREIT.BK,SET,SKIP,70,11.8,57.1,1.48,"EMA20 Rising, EMA20 > EMA50, EMA50 > EMA200, Close > EMA20, Near EMA20, Healthy RSI, MACD Bullish, Volume Increasing"
SUC.BK,SET,SKIP,70,27.25,52.0,2.65,"EMA20 Rising, EMA20 > EMA50, EMA50 > EMA200, Close > EMA20, Near EMA20, RVOL > 1.5, Volume Increasing"
MII.BK,SET,SKIP,70,5.8,68.7,1.96,"EMA20 Rising, EMA20 > EMA50, EMA50 > EMA200, Close > EMA20, Near EMA20, RVOL > 1.5, Volume Increasing"
SCGD.BK,SET,SKIP,70,5.0,52.7,1.79,"EMA20 Rising, EMA20 > EMA50, EMA50 > EMA200, Close > EMA20, Near EMA20, RVOL > 1.5, Volume Increasing"
CIVIL.BK,SET,SKIP,70,1.16,54.4,2.28,"EMA20 Rising, EMA20 > EMA50, EMA50 > EMA200, Close > EMA20, Near EMA20, RVOL > 1.5, Volume Increasing"
THANA.BK,SET,SKIP,70,1.55,58.0,0.45,"EMA20 Rising, EMA20 > EMA50, EMA50 > EMA200, Close > EMA20, Near EMA20, Healthy RSI, MACD Bullish, Volume Increasing"
SORKON.BK,SET,SKIP,70,3.52,53.2,0.08,"EMA9 Cross EMA20, EMA20 Rising, Close > EMA20, Near EMA20, MACD Bullish"
A5.BK,SET,SKIP,70,1.83,54.8,0.07,"EMA9 Cross EMA20, EMA20 Rising, Close > EMA20, Near EMA20, MACD Bullish"
WICE.BK,SET,SKIP,70,2.58,58.1,0.55,"EMA20 Rising, EMA20 > EMA50, EMA50 > EMA200, Close > EMA20, Near EMA20, Healthy RSI, MACD Bullish, Volume Increasing"
KCAR.BK,SET,SKIP,70,4.78,54.5,0.53,"EMA9 Cross EMA20, EMA20 Rising, Close > EMA20, Near EMA20, Volume Increasing"
MST.BK,SET,SKIP,70,7.15,66.9,1.61,"EMA20 Rising, EMA20 > EMA50, EMA50 > EMA200, Close > EMA20, Near EMA20, RVOL > 1.5, Volume Increasing"
ETC.BK,SET,SKIP,70,0.72,49.3,0.75,"EMA9 Cross EMA20, EMA20 > EMA50, EMA50 > EMA200, Near EMA20, Volume Increasing"
TPRIME.BK,SET,SKIP,70,7.75,58.5,0.46,"EMA20 Rising, EMA20 > EMA50, EMA50 > EMA200, Close > EMA20, Near EMA20, Healthy RSI, MACD Bullish, Volume Increasing"
S.BK,SET,SKIP,70,0.49,48.4,2.4,"EMA9 Cross EMA20, Near EMA20, RVOL > 1.5, MACD Bullish, Volume Increasing"
CPL.BK,SET,SKIP,70,0.69,55.7,0.47,"EMA9 Cross EMA20, EMA20 Rising, Close > EMA20, Healthy RSI, MACD Bullish"
GREEN.BK,SET,SKIP,70,0.74,55.6,0.6,"EMA20 Rising, EMA20 > EMA50, EMA50 > EMA200, Close > EMA20, Near EMA20, Healthy RSI, MACD Bullish, Volume Increasing"
SNP.BK,SET,SKIP,70,8.95,53.6,0.46,"EMA9 Cross EMA20, EMA20 Rising, Close > EMA20, Near EMA20, MACD Bullish"
ROP,USA,SKIP,70,330.26,46.4,3.06,"EMA9 Cross EMA20, Near EMA20, RVOL > 1.5, MACD Bullish, Volume Increasing"
SYNTEC.BK,SET,SKIP,70,1.68,60.3,1.38,"EMA20 Rising, EMA20 > EMA50, EMA50 > EMA200, Close > EMA20, Near EMA20, Healthy RSI, MACD Bullish, Volume Increasing"
QCOM,USA,SKIP,70,226.11,55.5,2.08,"EMA20 Rising, EMA20 > EMA50, EMA50 > EMA200, Close > EMA20, Healthy RSI, RVOL > 1.5, Volume Increasing"
TASCO.BK,SET,SKIP,65,13.9,56.8,0.72,"EMA20 Rising, EMA20 > EMA50, EMA50 > EMA200, Close > EMA20, Near EMA20, Healthy RSI, MACD Bullish"
2S.BK,SET,SKIP,65,3.06,57.5,0.4,"EMA20 Rising, EMA20 > EMA50, EMA50 > EMA200, Close > EMA20, Near EMA20, Healthy RSI, Volume Increasing"
TWPC.BK,SET,SKIP,65,2.86,49.4,0.47,"EMA9 Cross EMA20, EMA20 > EMA50, EMA50 > EMA200, Near EMA20"
TTB.BK,SET,SKIP,65,2.38,58.9,1.07,"EMA20 Rising, EMA20 > EMA50, EMA50 > EMA200, Close > EMA20, Near EMA20, Healthy RSI, MACD Bullish"
ILINK.BK,SET,SKIP,65,4.88,62.5,0.38,"EMA20 Rising, EMA20 > EMA50, EMA50 > EMA200, Close > EMA20, Near EMA20, Healthy RSI, Volume Increasing"
KBS.BK,SET,SKIP,65,5.8,62.6,1.05,"EMA20 Rising, EMA20 > EMA50, EMA50 > EMA200, Close > EMA20, Near EMA20, Healthy RSI, MACD Bullish"
KTB.BK,SET,SKIP,65,36.0,63.2,1.38,"EMA20 Rising, EMA20 > EMA50, EMA50 > EMA200, Close > EMA20, Near EMA20, Healthy RSI, MACD Bullish"
KSL.BK,SET,SKIP,65,1.58,55.7,0.87,"EMA20 Rising, EMA20 > EMA50, EMA50 > EMA200, Close > EMA20, Near EMA20, Healthy RSI, MACD Bullish"
TU.BK,SET,SKIP,65,11.3,49.1,1.11,"EMA9 Cross EMA20, EMA50 > EMA200, Near EMA20, MACD Bullish, Volume Increasing"
SCN.BK,SET,SKIP,65,0.43,55.3,0.44,"EMA20 Rising, EMA20 > EMA50, EMA50 > EMA200, Close > EMA20, Near EMA20, Healthy RSI, Volume Increasing"
CMAN.BK,SET,SKIP,65,2.92,70.3,4.58,"EMA20 Rising, EMA20 > EMA50, EMA50 > EMA200, Close > EMA20, RVOL > 1.5, MACD Bullish, Volume Increasing"
CPW.BK,SET,SKIP,65,2.44,56.4,1.4,"EMA20 Rising, EMA20 > EMA50, EMA50 > EMA200, Close > EMA20, Near EMA20, Healthy RSI, Volume Increasing"
CPNREIT.BK,SET,SKIP,65,12.7,63.5,0.91,"EMA20 Rising, EMA20 > EMA50, EMA50 > EMA200, Close > EMA20, Near EMA20, Healthy RSI, Volume Increasing"
LST.BK,SET,SKIP,65,4.7,58.1,0.44,"EMA20 Rising, EMA20 > EMA50, EMA50 > EMA200, Close > EMA20, Near EMA20, Healthy RSI, MACD Bullish"
UP.BK,SET,SKIP,65,23.6,57.4,1.44,"EMA20 Rising, EMA20 > EMA50, EMA50 > EMA200, Close > EMA20, Near EMA20, Healthy RSI, Volume Increasing"
MGI.BK,SET,SKIP,65,5.25,54.4,2.71,"EMA20 Rising, EMA20 > EMA50, Close > EMA20, Near EMA20, RVOL > 1.5, MACD Bullish, Volume Increasing"
FUTURERT.BK,SET,SKIP,65,8.95,69.3,1.54,"EMA20 Rising, EMA20 > EMA50, EMA50 > EMA200, Close > EMA20, Near EMA20, RVOL > 1.5"
GPI.BK,SET,SKIP,65,1.73,59.9,0.05,"EMA20 Rising, EMA20 > EMA50, EMA50 > EMA200, Close > EMA20, Near EMA20, Healthy RSI, MACD Bullish"
LEE.BK,SET,SKIP,65,2.48,59.4,0.38,"EMA20 Rising, EMA20 > EMA50, EMA50 > EMA200, Close > EMA20, Near EMA20, Healthy RSI, MACD Bullish"
HPF.BK,SET,SKIP,65,6.1,64.9,0.37,"EMA20 Rising, EMA20 > EMA50, EMA50 > EMA200, Close > EMA20, Near EMA20, Healthy RSI, Volume Increasing"
LHK.BK,SET,SKIP,65,3.46,63.2,0.34,"EMA20 Rising, EMA20 > EMA50, EMA50 > EMA200, Close > EMA20, Near EMA20, Healthy RSI, Volume Increasing"
HTC.BK,SET,SKIP,65,15.7,53.5,1.56,"EMA20 Rising, EMA20 > EMA50, EMA50 > EMA200, Close > EMA20, Near EMA20, RVOL > 1.5"
EXC,USA,SKIP,65,45.81,52.9,1.58,"EMA20 Rising, EMA50 > EMA200, Close > EMA20, Near EMA20, RVOL > 1.5, MACD Bullish, Volume Increasing"
BKNG,USA,SKIP,65,171.78,56.5,2.3,"EMA20 Rising, Close > EMA20, Near EMA20, Healthy RSI, RVOL > 1.5, MACD Bullish, Volume Increasing"
PRG.BK,SET,SKIP,65,9.25,59.1,0.3,"EMA20 Rising, EMA20 > EMA50, EMA50 > EMA200, Close > EMA20, Near EMA20, Healthy RSI, MACD Bullish"
LHFG.BK,SET,SKIP,65,1.16,58.5,0.72,"EMA20 Rising, EMA20 > EMA50, EMA50 > EMA200, Close > EMA20, Near EMA20, Healthy RSI, Volume Increasing"
S11.BK,SET,SKIP,65,4.06,62.3,0.38,"EMA20 Rising, EMA20 > EMA50, EMA50 > EMA200, Close > EMA20, Near EMA20, Healthy RSI, Volume Increasing"
ICN.BK,SET,SKIP,65,2.04,55.2,0.14,"EMA20 Rising, EMA20 > EMA50, EMA50 > EMA200, Close > EMA20, Near EMA20, Healthy RSI, Volume Increasing"
CCP.BK,SET,SKIP,65,0.27,56.5,0.49,"EMA20 Rising, EMA20 > EMA50, EMA50 > EMA200, Close > EMA20, Near EMA20, Healthy RSI, MACD Bullish"
ADVICE.BK,SET,SKIP,65,6.4,56.1,0.38,"EMA20 Rising, EMA20 > EMA50, EMA50 > EMA200, Close > EMA20, Near EMA20, Healthy RSI, Volume Increasing"
CRWD,USA,SKIP,65,684.86,58.2,1.49,"EMA20 Rising, EMA20 > EMA50, EMA50 > EMA200, Close > EMA20, Near EMA20, Healthy RSI, Volume Increasing"
RJH.BK,SET,SKIP,65,13.6,64.0,0.33,"EMA20 Rising, EMA20 > EMA50, EMA50 > EMA200, Close > EMA20, Near EMA20, Healthy RSI, MACD Bullish"
BOFFICE.BK,SET,SKIP,65,5.3,51.7,1.87,"EMA20 Rising, EMA50 > EMA200, Close > EMA20, Near EMA20, RVOL > 1.5, MACD Bullish, Volume Increasing"
TVH.BK,SET,SKIP,65,10.2,62.3,1.18,"EMA20 Rising, EMA20 > EMA50, EMA50 > EMA200, Close > EMA20, Near EMA20, Healthy RSI, Volume Increasing"
TU-PF.BK,SET,SKIP,65,1.17,50.1,1.53,"EMA20 Rising, EMA50 > EMA200, Close > EMA20, Near EMA20, RVOL > 1.5, MACD Bullish, Volume Increasing"
TFM.BK,SET,SKIP,65,6.55,55.7,0.7,"EMA20 Rising, EMA20 > EMA50, EMA50 > EMA200, Close > EMA20, Near EMA20, Healthy RSI, MACD Bullish"
SMPC.BK,SET,SKIP,65,9.1,56.2,1.37,"EMA20 Rising, EMA20 > EMA50, EMA50 > EMA200, Close > EMA20, Near EMA20, Healthy RSI, Volume Increasing"
SMART.BK,SET,SKIP,65,0.54,51.1,1.75,"EMA20 Rising, EMA50 > EMA200, Close > EMA20, Near EMA20, RVOL > 1.5, MACD Bullish, Volume Increasing"
ICHI.BK,SET,SKIP,65,13.3,60.4,0.91,"EMA20 Rising, EMA20 > EMA50, EMA50 > EMA200, Close > EMA20, Near EMA20, Healthy RSI, MACD Bullish"
TIF1.BK,SET,SKIP,65,7.95,61.1,0.27,"EMA20 Rising, EMA20 > EMA50, EMA50 > EMA200, Close > EMA20, Near EMA20, Healthy RSI, MACD Bullish"
GULF.BK,SET,SKIP,65,64.0,55.7,0.88,"EMA20 Rising, EMA20 > EMA50, EMA50 > EMA200, Close > EMA20, Near EMA20, Healthy RSI, Volume Increasing"
DRT.BK,SET,SKIP,65,5.0,63.6,0.76,"EMA20 Rising, EMA20 > EMA50, EMA50 > EMA200, Close > EMA20, Near EMA20, Healthy RSI, Volume Increasing"
DTCENT.BK,SET,SKIP,65,0.95,61.1,0.17,"EMA20 Rising, EMA20 > EMA50, EMA50 > EMA200, Close > EMA20, Near EMA20, Healthy RSI, Volume Increasing"
CREDIT.BK,SET,SKIP,65,19.2,60.2,0.54,"EMA20 Rising, EMA20 > EMA50, EMA50 > EMA200, Close > EMA20, Near EMA20, Healthy RSI, Volume Increasing"
TOG.BK,SET,SKIP,65,6.9,58.5,0.75,"EMA20 Rising, EMA20 > EMA50, EMA50 > EMA200, Close > EMA20, Near EMA20, Healthy RSI, Volume Increasing"
STP.BK,SET,SKIP,65,11.2,58.7,0.31,"EMA20 Rising, EMA20 > EMA50, EMA50 > EMA200, Close > EMA20, Near EMA20, Healthy RSI, MACD Bullish"
ARROW.BK,SET,SKIP,65,5.7,62.5,0.29,"EMA20 Rising, EMA20 > EMA50, EMA50 > EMA200, Close > EMA20, Near EMA20, Healthy RSI, MACD Bullish"
TPLAS.BK,SET,SKIP,65,1.1,55.1,1.07,"EMA20 Rising, EMA20 > EMA50, EMA50 > EMA200, Close > EMA20, Near EMA20, Healthy RSI, Volume Increasing"
SUSCO.BK,SET,SKIP,65,2.08,57.2,1.99,"EMA20 Rising, Close > EMA20, Near EMA20, Healthy RSI, RVOL > 1.5, MACD Bullish, Volume Increasing"
TISCO.BK,SET,SKIP,65,116.5,62.5,1.27,"EMA20 Rising, EMA20 > EMA50, EMA50 > EMA200, Close > EMA20, Near EMA20, Healthy RSI, MACD Bullish"
BBIK.BK,SET,SKIP,65,19.1,55.6,0.46,"EMA20 Rising, EMA20 > EMA50, EMA50 > EMA200, Close > EMA20, Near EMA20, Healthy RSI, MACD Bullish"
SCB.BK,SET,SKIP,65,141.0,62.5,0.52,"EMA20 Rising, EMA20 > EMA50, EMA50 > EMA200, Close > EMA20, Near EMA20, Healthy RSI, MACD Bullish"
PIN.BK,SET,SKIP,65,4.36,56.4,1.11,"EMA20 Rising, EMA20 > EMA50, EMA50 > EMA200, Close > EMA20, Near EMA20, Healthy RSI, Volume Increasing"
THANI.BK,SET,SKIP,65,1.68,56.9,0.49,"EMA20 Rising, EMA20 > EMA50, EMA50 > EMA200, Close > EMA20, Near EMA20, Healthy RSI, MACD Bullish"
MOONG.BK,SET,SKIP,65,2.32,55.1,0.49,"EMA20 Rising, EMA20 > EMA50, EMA50 > EMA200, Close > EMA20, Near EMA20, Healthy RSI, Volume Increasing"
WINNER.BK,SET,SKIP,65,2.1,56.9,0.48,"EMA20 Rising, EMA20 > EMA50, EMA50 > EMA200, Close > EMA20, Near EMA20, Healthy RSI, MACD Bullish"
DREIT.BK,SET,SKIP,65,4.82,57.9,0.07,"EMA20 Rising, EMA20 > EMA50, EMA50 > EMA200, Close > EMA20, Near EMA20, Healthy RSI, MACD Bullish"
TLHPF.BK,SET,SKIP,65,4.58,59.2,0.1,"EMA20 Rising, EMA20 > EMA50, EMA50 > EMA200, Close > EMA20, Near EMA20, Healthy RSI, MACD Bullish"
TLI.BK,SET,SKIP,65,11.2,57.4,1.15,"EMA20 Rising, EMA20 > EMA50, EMA50 > EMA200, Close > EMA20, Near EMA20, Healthy RSI, Volume Increasing"
WHA.BK,SET,SKIP,65,5.0,57.2,1.1,"EMA20 Rising, EMA20 > EMA50, EMA50 > EMA200, Close > EMA20, Near EMA20, Healthy RSI, Volume Increasing"
WHAIR.BK,SET,SKIP,65,7.55,62.3,0.83,"EMA20 Rising, EMA20 > EMA50, EMA50 > EMA200, Close > EMA20, Near EMA20, Healthy RSI, MACD Bullish"
DCC.BK,SET,SKIP,65,1.36,63.3,0.73,"EMA20 Rising, EMA20 > EMA50, EMA50 > EMA200, Close > EMA20, Near EMA20, Healthy RSI, MACD Bullish"
AAV.BK,SET,SKIP,65,1.12,59.7,1.85,"EMA20 Rising, Close > EMA20, Near EMA20, Healthy RSI, RVOL > 1.5, MACD Bullish, Volume Increasing"
PIMO.BK,SET,SKIP,65,1.08,58.9,0.83,"EMA20 Rising, EMA20 > EMA50, EMA50 > EMA200, Close > EMA20, Near EMA20, Healthy RSI, Volume Increasing"
TKS.BK,SET,SKIP,65,7.3,62.0,0.79,"EMA20 Rising, EMA20 > EMA50, EMA50 > EMA200, Close > EMA20, Near EMA20, Healthy RSI, Volume Increasing"
KGI.BK,SET,SKIP,65,4.34,63.5,1.24,"EMA20 Rising, EMA20 > EMA50, EMA50 > EMA200, Close > EMA20, Near EMA20, Healthy RSI, Volume Increasing"
KIAT.BK,SET,SKIP,65,0.34,57.9,1.09,"EMA20 Rising, EMA20 > EMA50, EMA50 > EMA200, Close > EMA20, Near EMA20, Healthy RSI, Volume Increasing"
KASET.BK,SET,SKIP,65,0.7,49.7,3.47,"EMA20 Rising, EMA50 > EMA200, Close > EMA20, Near EMA20, RVOL > 1.5, MACD Bullish, Volume Increasing"
KYE.BK,SET,SKIP,65,307.0,60.4,0.66,"EMA20 Rising, EMA20 > EMA50, EMA50 > EMA200, Close > EMA20, Near EMA20, Healthy RSI, MACD Bullish"
JMT.BK,SET,SKIP,65,11.1,56.4,0.8,"EMA20 Rising, EMA20 > EMA50, EMA50 > EMA200, Close > EMA20, Near EMA20, Healthy RSI, Volume Increasing"
STECH.BK,SET,SKIP,65,1.07,61.6,0.36,"EMA20 Rising, EMA20 > EMA50, EMA50 > EMA200, Close > EMA20, Near EMA20, Healthy RSI, MACD Bullish"
AKR.BK,SET,SKIP,65,0.9,55.4,0.37,"EMA20 Rising, EMA20 > EMA50, EMA50 > EMA200, Close > EMA20, Near EMA20, Healthy RSI, MACD Bullish"
SSTRT.BK,SET,SKIP,65,4.44,58.7,0.5,"EMA20 Rising, EMA20 > EMA50, EMA50 > EMA200, Close > EMA20, Near EMA20, Healthy RSI, Volume Increasing"
AIMCG.BK,SET,SKIP,60,1.38,63.7,0.35,"EMA20 Rising, EMA20 > EMA50, Close > EMA20, Near EMA20, Healthy RSI, MACD Bullish, Volume Increasing"
STARM.BK,SET,SKIP,60,0.95,60.0,0.14,"EMA20 Rising, EMA20 > EMA50, EMA50 > EMA200, Close > EMA20, Near EMA20, Healthy RSI"
ALLY.BK,SET,SKIP,60,4.72,61.7,1.41,"EMA20 Rising, EMA20 > EMA50, EMA50 > EMA200, Close > EMA20, Near EMA20, Healthy RSI"
SPACK.BK,SET,SKIP,60,1.2,64.7,3.55,"EMA20 Rising, EMA20 > EMA50, Close > EMA20, Healthy RSI, RVOL > 1.5, MACD Bullish"
SONIC.BK,SET,SKIP,60,1.52,53.3,0.44,"EMA20 Rising, EMA20 > EMA50, EMA50 > EMA200, Close > EMA20, Near EMA20, MACD Bullish, Volume Increasing"
AMATAR.BK,SET,SKIP,60,7.3,59.5,0.16,"EMA20 Rising, EMA20 > EMA50, EMA50 > EMA200, Close > EMA20, Near EMA20, Healthy RSI"
SNC.BK,SET,SKIP,60,6.7,59.5,0.21,"EMA20 Rising, EMA20 > EMA50, EMA50 > EMA200, Close > EMA20, Near EMA20, Healthy RSI"
KCG.BK,SET,SKIP,60,9.95,54.7,1.13,"EMA20 Rising, EMA20 > EMA50, EMA50 > EMA200, Close > EMA20, Near EMA20, MACD Bullish, Volume Increasing"
PHOL.BK,SET,SKIP,60,3.1,63.9,0.11,"EMA20 Rising, EMA20 > EMA50, EMA50 > EMA200, Close > EMA20, Near EMA20, Healthy RSI"
ON,USA,SKIP,60,121.62,54.7,1.64,"EMA20 Rising, EMA20 > EMA50, EMA50 > EMA200, Close > EMA20, RVOL > 1.5, Volume Increasing"
PAYX,USA,SKIP,60,98.24,52.3,2.18,"EMA20 Rising, EMA20 > EMA50, Close > EMA20, Near EMA20, RVOL > 1.5, Volume Increasing"
ROST,USA,SKIP,60,232.8,54.6,1.18,"EMA20 Rising, EMA20 > EMA50, EMA50 > EMA200, Close > EMA20, Near EMA20, MACD Bullish, Volume Increasing"
KJL.BK,SET,SKIP,60,6.1,61.1,0.41,"EMA20 Rising, EMA20 > EMA50, EMA50 > EMA200, Close > EMA20, Near EMA20, Healthy RSI"
ERW.BK,SET,SKIP,60,3.0,59.8,0.7,"EMA20 Rising, EMA20 > EMA50, EMA50 > EMA200, Close > EMA20, Healthy RSI, MACD Bullish, Volume Increasing"
EURO.BK,SET,SKIP,60,5.15,62.2,0.0,"EMA20 Rising, EMA20 > EMA50, EMA50 > EMA200, Close > EMA20, Near EMA20, Healthy RSI"
MTI.BK,SET,SKIP,60,16.1,66.2,0.49,"EMA20 Rising, EMA20 > EMA50, EMA50 > EMA200, Close > EMA20, Near EMA20, MACD Bullish, Volume Increasing"
TNPC.BK,SET,SKIP,60,0.96,57.2,0.41,"EMA20 Rising, EMA20 > EMA50, EMA50 > EMA200, Close > EMA20, Near EMA20, Healthy RSI"
WINDOW.BK,SET,SKIP,60,0.73,49.1,0.93,"EMA9 Cross EMA20, EMA50 > EMA200, Near EMA20, MACD Bullish"
TMD.BK,SET,SKIP,60,27.0,67.8,0.38,"EMA20 Rising, EMA20 > EMA50, EMA50 > EMA200, Close > EMA20, Near EMA20, MACD Bullish, Volume Increasing"
TKN.BK,SET,SKIP,60,4.04,49.4,1.19,"EMA9 Cross EMA20, EMA20 > EMA50, Near EMA20, Volume Increasing"
PACO.BK,SET,SKIP,60,1.35,59.9,0.28,"EMA20 Rising, EMA20 > EMA50, EMA50 > EMA200, Close > EMA20, Near EMA20, Healthy RSI"
SHR.BK,SET,SKIP,60,1.69,62.0,0.74,"EMA20 Rising, EMA20 > EMA50, EMA50 > EMA200, Close > EMA20, Healthy RSI, MACD Bullish, Volume Increasing"
SVR.BK,SET,SKIP,60,0.33,53.5,1.64,"EMA20 Rising, EMA20 > EMA50, Close > EMA20, Near EMA20, RVOL > 1.5, MACD Bullish"
MICRO.BK,SET,SKIP,60,0.99,58.7,0.06,"EMA20 Rising, EMA20 > EMA50, EMA50 > EMA200, Close > EMA20, Near EMA20, Healthy RSI"
TPBI.BK,SET,SKIP,60,3.0,53.3,0.84,"EMA20 Rising, EMA20 > EMA50, EMA50 > EMA200, Close > EMA20, Near EMA20, MACD Bullish, Volume Increasing"
AXTRART.BK,SET,SKIP,60,12.8,51.6,0.98,"EMA20 Rising, EMA20 > EMA50, EMA50 > EMA200, Close > EMA20, Near EMA20, MACD Bullish, Volume Increasing"
PCC.BK,SET,SKIP,60,2.96,55.3,0.13,"EMA20 Rising, EMA20 > EMA50, EMA50 > EMA200, Close > EMA20, Near EMA20, Healthy RSI"
PIS.BK,SET,SKIP,60,3.96,57.5,0.09,"EMA20 Rising, EMA20 > EMA50, EMA50 > EMA200, Close > EMA20, Near EMA20, Healthy RSI"
HANA.BK,SET,SKIP,60,37.5,55.1,0.43,"EMA20 Rising, EMA20 > EMA50, EMA50 > EMA200, Close > EMA20, Near EMA20, Healthy RSI"
FN.BK,SET,SKIP,60,0.49,52.1,0.4,"EMA20 Rising, EMA20 > EMA50, EMA50 > EMA200, Close > EMA20, Near EMA20, MACD Bullish, Volume Increasing"
SE.BK,SET,SKIP,60,0.48,51.7,1.03,"EMA20 Rising, EMA20 > EMA50, EMA50 > EMA200, Close > EMA20, Near EMA20, MACD Bullish, Volume Increasing"
CSC.BK,SET,SKIP,60,44.25,57.0,0.78,"EMA20 Rising, EMA20 > EMA50, EMA50 > EMA200, Close > EMA20, Near EMA20, Healthy RSI"
BCT.BK,SET,SKIP,60,50.0,62.8,0.0,"EMA20 Rising, EMA20 > EMA50, EMA50 > EMA200, Close > EMA20, Near EMA20, Healthy RSI"
AH.BK,SET,SKIP,60,14.2,58.0,0.27,"EMA20 Rising, EMA20 > EMA50, EMA50 > EMA200, Close > EMA20, Near EMA20, Healthy RSI"
AFC.BK,SET,SKIP,60,3.88,63.3,0.0,"EMA20 Rising, EMA20 > EMA50, EMA50 > EMA200, Close > EMA20, Near EMA20, Healthy RSI"
KUMWEL.BK,SET,SKIP,60,1.92,62.1,0.1,"EMA20 Rising, EMA20 > EMA50, EMA50 > EMA200, Close > EMA20, Near EMA20, Healthy RSI"
SRS.BK,SET,SKIP,60,1.88,59.6,0.45,"EMA20 Rising, EMA20 > EMA50, Close > EMA20, Near EMA20, Healthy RSI, MACD Bullish, Volume Increasing"
PRAPAT.BK,SET,SKIP,60,0.81,64.4,0.08,"EMA20 Rising, EMA20 > EMA50, EMA50 > EMA200, Close > EMA20, Near EMA20, Healthy RSI"
MBAX.BK,SET,SKIP,60,1.91,60.1,0.81,"EMA20 Rising, EMA20 > EMA50, EMA50 > EMA200, Close > EMA20, Near EMA20, Healthy RSI"
SMIT.BK,SET,SKIP,60,3.46,56.1,0.95,"EMA20 Rising, EMA20 > EMA50, EMA50 > EMA200, Close > EMA20, Near EMA20, Healthy RSI"
SLP.BK,SET,SKIP,60,0.45,56.7,0.29,"EMA20 Rising, EMA20 > EMA50, EMA50 > EMA200, Close > EMA20, Near EMA20, Healthy RSI"
BH.BK,SET,SKIP,60,186.5,64.5,0.91,"EMA20 Rising, EMA20 > EMA50, EMA50 > EMA200, Close > EMA20, Healthy RSI, MACD Bullish, Volume Increasing"
SAPPE.BK,SET,SKIP,60,30.0,53.0,1.51,"EMA20 Rising, EMA20 > EMA50, Close > EMA20, Near EMA20, RVOL > 1.5, Volume Increasing"
SAMCO.BK,SET,SKIP,60,0.86,57.1,0.49,"EMA20 Rising, EMA20 > EMA50, EMA50 > EMA200, Close > EMA20, Near EMA20, Healthy RSI"
SO.BK,SET,SKIP,60,4.64,59.1,0.23,"EMA20 Rising, EMA20 > EMA50, EMA50 > EMA200, Close > EMA20, Near EMA20, Healthy RSI"
TAN.BK,SET,SKIP,60,3.8,53.8,0.54,"EMA20 Rising, EMA20 > EMA50, EMA50 > EMA200, Close > EMA20, Near EMA20, MACD Bullish, Volume Increasing"
UBA.BK,SET,SKIP,60,1.1,59.3,1.39,"EMA20 Rising, EMA20 > EMA50, EMA50 > EMA200, Close > EMA20, Near EMA20, Healthy RSI"
III.BK,SET,SKIP,60,4.22,57.8,0.44,"EMA20 Rising, EMA20 > EMA50, Close > EMA20, Near EMA20, Healthy RSI, MACD Bullish, Volume Increasing"
INET.BK,SET,SKIP,60,4.06,55.9,0.58,"EMA20 Rising, EMA20 > EMA50, EMA50 > EMA200, Close > EMA20, Near EMA20, Healthy RSI"
TACC.BK,SET,SKIP,60,6.1,68.6,2.49,"EMA20 Rising, EMA20 > EMA50, EMA50 > EMA200, Close > EMA20, RVOL > 1.5, MACD Bullish"
BLA.BK,SET,SKIP,60,23.8,56.0,0.9,"EMA20 Rising, EMA20 > EMA50, EMA50 > EMA200, Close > EMA20, Near EMA20, Healthy RSI"
I2.BK,SET,SKIP,60,0.78,57.7,0.18,"EMA20 Rising, EMA20 > EMA50, EMA50 > EMA200, Close > EMA20, Near EMA20, Healthy RSI"
RABBIT.BK,SET,SKIP,60,0.36,57.7,0.08,"EMA20 Rising, EMA20 > EMA50, EMA50 > EMA200, Close > EMA20, Near EMA20, Healthy RSI"
UTP.BK,SET,SKIP,60,7.9,55.5,0.39,"EMA20 Rising, EMA20 > EMA50, EMA50 > EMA200, Close > EMA20, Near EMA20, Healthy RSI"
UVAN.BK,SET,SKIP,60,14.7,51.3,0.6,"EMA20 Rising, EMA20 > EMA50, EMA50 > EMA200, Close > EMA20, Near EMA20, MACD Bullish, Volume Increasing"
LOXLEY.BK,SET,SKIP,60,1.56,55.9,0.4,"EMA20 Rising, EMA20 > EMA50, EMA50 > EMA200, Close > EMA20, Near EMA20, Healthy RSI"
LEO.BK,SET,SKIP,60,1.86,56.3,0.26,"EMA20 Rising, EMA20 > EMA50, Close > EMA20, Near EMA20, Healthy RSI, MACD Bullish, Volume Increasing"
HARN.BK,SET,SKIP,60,2.06,56.7,0.38,"EMA20 Rising, EMA20 > EMA50, EMA50 > EMA200, Close > EMA20, Near EMA20, Healthy RSI"
HTECH.BK,SET,SKIP,60,3.52,56.4,0.2,"EMA20 Rising, EMA20 > EMA50, EMA50 > EMA200, Close > EMA20, Near EMA20, Healthy RSI"
CCET.BK,SET,SKIP,60,9.0,55.1,0.53,"EMA20 Rising, EMA20 > EMA50, EMA50 > EMA200, Close > EMA20, Near EMA20, Healthy RSI"
CGH.BK,SET,SKIP,60,0.57,60.5,0.38,"EMA20 Rising, EMA20 > EMA50, EMA50 > EMA200, Close > EMA20, Healthy RSI, MACD Bullish, Volume Increasing"
VCOM.BK,SET,SKIP,60,3.86,61.1,0.4,"EMA20 Rising, EMA20 > EMA50, EMA50 > EMA200, Close > EMA20, Near EMA20, Healthy RSI"
MASTER.BK,SET,SKIP,60,8.65,55.9,0.51,"EMA20 Rising, EMA20 > EMA50, Close > EMA20, Near EMA20, Healthy RSI, MACD Bullish, Volume Increasing"
PRTR.BK,SET,SKIP,60,3.4,56.4,0.18,"EMA20 Rising, EMA20 > EMA50, EMA50 > EMA200, Close > EMA20, Near EMA20, Healthy RSI"
PSTC.BK,SET,SKIP,60,0.31,57.1,0.36,"EMA20 Rising, EMA20 > EMA50, Close > EMA20, Near EMA20, Healthy RSI, MACD Bullish, Volume Increasing"
BBL.BK,SET,SKIP,60,175.0,60.7,0.64,"EMA20 Rising, EMA20 > EMA50, EMA50 > EMA200, Close > EMA20, Near EMA20, Healthy RSI"
PERM.BK,SET,SKIP,60,0.24,48.0,0.65,"EMA9 Cross EMA20, EMA20 > EMA50, Near EMA20, Volume Increasing"
AKP.BK,SET,SKIP,55,0.73,52.5,0.22,"EMA20 Rising, EMA20 > EMA50, EMA50 > EMA200, Close > EMA20, Near EMA20, Volume Increasing"
SSF.BK,SET,SKIP,55,5.05,52.0,0.05,"EMA20 Rising, EMA20 > EMA50, EMA50 > EMA200, Close > EMA20, Near EMA20, MACD Bullish"
PEER.BK,SET,SKIP,55,0.09,48.4,0.77,"EMA9 Cross EMA20, EMA20 > EMA50, Near EMA20"
PDG.BK,SET,SKIP,55,3.18,70.3,0.53,"EMA20 Rising, EMA20 > EMA50, EMA50 > EMA200, Close > EMA20, Near EMA20, MACD Bullish"
PATO.BK,SET,SKIP,55,6.15,50.1,2.62,"EMA20 Rising, Close > EMA20, Near EMA20, RVOL > 1.5, MACD Bullish, Volume Increasing"
PMC.BK,SET,SKIP,55,0.87,54.0,1.01,"EMA20 Rising, EMA20 > EMA50, EMA50 > EMA200, Close > EMA20, Near EMA20, MACD Bullish"
ZIGA.BK,SET,SKIP,55,0.89,52.9,4.64,"EMA20 Rising, Close > EMA20, Near EMA20, RVOL > 1.5, MACD Bullish, Volume Increasing"
MCA.BK,SET,SKIP,55,1.21,65.5,0.62,"EMA20 Rising, EMA20 > EMA50, EMA50 > EMA200, Close > EMA20, Near EMA20, MACD Bullish"
GUNKUL.BK,SET,SKIP,55,3.94,61.4,0.59,"EMA20 Rising, EMA20 > EMA50, EMA50 > EMA200, Close > EMA20, Healthy RSI, Volume Increasing"
GYT.BK,SET,SKIP,55,182.0,57.8,0.0,"EMA20 Rising, EMA20 > EMA50, Close > EMA20, Near EMA20, Healthy RSI, MACD Bullish"
TPIPL.BK,SET,SKIP,55,0.81,54.0,0.59,"EMA20 Rising, EMA20 > EMA50, EMA50 > EMA200, Close > EMA20, Near EMA20, MACD Bullish"
TPCS.BK,SET,SKIP,55,9.9,61.6,0.43,"EMA20 Rising, EMA20 > EMA50, Close > EMA20, Near EMA20, Healthy RSI, Volume Increasing"
FORTH.BK,SET,SKIP,55,15.0,54.9,1.38,"EMA20 Rising, EMA20 > EMA50, EMA50 > EMA200, Close > EMA20, Near EMA20, Volume Increasing"
TQM.BK,SET,SKIP,55,13.7,51.3,0.49,"EMA20 Rising, EMA20 > EMA50, EMA50 > EMA200, Close > EMA20, Near EMA20, MACD Bullish"
STPI.BK,SET,SKIP,55,5.6,63.4,0.93,"EMA20 Rising, EMA20 > EMA50, EMA50 > EMA200, Close > EMA20, Healthy RSI, Volume Increasing"
STI.BK,SET,SKIP,55,1.73,57.0,0.18,"EMA20 Rising, EMA20 > EMA50, Close > EMA20, Near EMA20, Healthy RSI, MACD Bullish"
SWC.BK,SET,SKIP,55,4.6,65.2,0.88,"EMA20 Rising, EMA20 > EMA50, EMA50 > EMA200, Close > EMA20, Near EMA20, Volume Increasing"
MNIT.BK,SET,SKIP,55,1.89,51.8,0.59,"EMA20 Rising, EMA20 > EMA50, EMA50 > EMA200, Close > EMA20, Near EMA20, Volume Increasing"
AU.BK,SET,SKIP,55,4.76,61.9,0.24,"EMA20 Rising, EMA20 > EMA50, Close > EMA20, Near EMA20, Healthy RSI, MACD Bullish"
BEC.BK,SET,SKIP,55,2.0,59.0,0.45,"EMA20 Rising, EMA20 > EMA50, Close > EMA20, Near EMA20, Healthy RSI, Volume Increasing"
BE8.BK,SET,SKIP,55,5.75,54.7,0.27,"EMA20 Rising, EMA20 > EMA50, EMA50 > EMA200, Close > EMA20, Near EMA20, MACD Bullish"
SCP.BK,SET,SKIP,55,9.0,68.2,1.47,"EMA20 Rising, EMA20 > EMA50, EMA50 > EMA200, Close > EMA20, Near EMA20, Volume Increasing"
IDXX,USA,SKIP,55,562.09,50.5,1.96,"EMA20 Rising, Close > EMA20, Near EMA20, RVOL > 1.5, MACD Bullish, Volume Increasing"
KWM.BK,SET,SKIP,55,0.78,48.3,0.63,"EMA9 Cross EMA20, Near EMA20, MACD Bullish, Volume Increasing"
KBSPIF.BK,SET,SKIP,55,9.4,71.9,0.86,"EMA20 Rising, EMA20 > EMA50, EMA50 > EMA200, Close > EMA20, Near EMA20, Volume Increasing"
KCM.BK,SET,SKIP,55,0.26,55.2,0.14,"EMA20 Rising, EMA20 > EMA50, EMA50 > EMA200, Close > EMA20, Healthy RSI, Volume Increasing"
OSP.BK,SET,SKIP,55,16.0,67.5,1.98,"EMA20 Rising, EMA20 > EMA50, Close > EMA20, RVOL > 1.5, MACD Bullish, Volume Increasing"
DHOUSE.BK,SET,SKIP,55,0.37,52.6,1.58,"EMA20 Rising, Close > EMA20, Near EMA20, RVOL > 1.5, MACD Bullish, Volume Increasing"
WHABT.BK,SET,SKIP,55,5.9,66.6,0.22,"EMA20 Rising, EMA20 > EMA50, EMA50 > EMA200, Close > EMA20, Near EMA20, MACD Bullish"
TMI.BK,SET,SKIP,55,0.49,53.9,2.17,"EMA20 Rising, Close > EMA20, Near EMA20, RVOL > 1.5, MACD Bullish, Volume Increasing"
EASTW.BK,SET,SKIP,55,4.4,64.4,0.87,"EMA20 Rising, EMA20 > EMA50, EMA50 > EMA200, Close > EMA20, Healthy RSI, Volume Increasing"
EP.BK,SET,SKIP,55,1.07,54.8,3.5,"EMA20 Rising, Close > EMA20, Near EMA20, RVOL > 1.5, MACD Bullish, Volume Increasing"
TMW.BK,SET,SKIP,55,59.5,53.7,1.11,"EMA20 Rising, EMA20 > EMA50, EMA50 > EMA200, Close > EMA20, Near EMA20, Volume Increasing"
SICT.BK,SET,SKIP,55,2.92,54.5,0.18,"EMA20 Rising, EMA20 > EMA50, EMA50 > EMA200, Close > EMA20, Near EMA20, Volume Increasing"
JUBILE.BK,SET,SKIP,55,7.25,68.7,0.3,"EMA20 Rising, EMA20 > EMA50, EMA50 > EMA200, Close > EMA20, Near EMA20, MACD Bullish"
JMART.BK,SET,SKIP,55,9.25,59.3,1.22,"EMA20 Rising, EMA20 > EMA50, EMA50 > EMA200, Close > EMA20, Healthy RSI, Volume Increasing"
NVDA,USA,SKIP,55,210.69,50.5,1.37,"EMA20 Rising, EMA20 > EMA50, EMA50 > EMA200, Close > EMA20, Near EMA20, Volume Increasing"
KBANK.BK,SET,SKIP,55,207.0,66.7,0.8,"EMA20 Rising, EMA20 > EMA50, EMA50 > EMA200, Close > EMA20, Near EMA20, MACD Bullish"
TEAM.BK,SET,SKIP,55,4.64,54.6,0.23,"EMA20 Rising, EMA20 > EMA50, EMA50 > EMA200, Close > EMA20, Near EMA20, Volume Increasing"
PR9.BK,SET,SKIP,55,17.0,60.0,1.48,"EMA20 Rising, EMA20 > EMA50, Close > EMA20, Near EMA20, Healthy RSI, MACD Bullish"
TH.BK,SET,SKIP,55,0.48,55.7,0.16,"EMA20 Rising, EMA20 > EMA50, Close > EMA20, Near EMA20, Healthy RSI, MACD Bullish"
CHIC.BK,SET,SKIP,55,0.33,61.3,1.01,"EMA20 Rising, EMA20 > EMA50, EMA50 > EMA200, Close > EMA20, Healthy RSI, MACD Bullish"
UEC.BK,SET,SKIP,55,0.86,62.3,0.07,"EMA20 Rising, EMA20 > EMA50, EMA50 > EMA200, Close > EMA20, Healthy RSI, MACD Bullish"
MAJOR.BK,SET,SKIP,55,6.8,49.7,2.38,"EMA20 Rising, Close > EMA20, Near EMA20, RVOL > 1.5, MACD Bullish, Volume Increasing"
SGC.BK,SET,SKIP,55,1.4,58.3,0.45,"EMA20 Rising, EMA20 > EMA50, EMA50 > EMA200, Close > EMA20, Healthy RSI, Volume Increasing"
GC.BK,SET,SKIP,55,4.56,67.2,0.32,"EMA20 Rising, EMA20 > EMA50, EMA50 > EMA200, Close > EMA20, Near EMA20, MACD Bullish"
AVGO,USA,SKIP,55,411.35,51.3,1.28,"EMA20 Rising, EMA20 > EMA50, EMA50 > EMA200, Close > EMA20, Near EMA20, Volume Increasing"
PSH.BK,SET,SKIP,55,3.4,41.4,1.21,"EMA9 Cross EMA20, Near EMA20, MACD Bullish, Volume Increasing"
SELIC.BK,SET,SKIP,55,3.0,60.7,0.04,"EMA20 Rising, EMA20 > EMA50, EMA50 > EMA200, Close > EMA20, Healthy RSI, MACD Bullish"
CEG,USA,SKIP,55,274.06,51.7,1.62,"EMA20 Rising, Close > EMA20, Near EMA20, RVOL > 1.5, MACD Bullish, Volume Increasing"
RBF.BK,SET,SKIP,55,4.62,61.6,0.71,"EMA20 Rising, EMA20 > EMA50, EMA50 > EMA200, Close > EMA20, Healthy RSI, MACD Bullish"
QHBREIT.BK,SET,SKIP,55,3.78,66.1,1.45,"EMA20 Rising, EMA20 > EMA50, EMA50 > EMA200, Close > EMA20, Near EMA20, Volume Increasing"
GOOG,USA,SKIP,55,367.46,50.6,1.24,"EMA20 Rising, EMA20 > EMA50, EMA50 > EMA200, Close > EMA20, Near EMA20, Volume Increasing"
TCJ.BK,SET,SKIP,55,2.44,57.0,0.29,"EMA20 Rising, EMA20 > EMA50, Close > EMA20, Near EMA20, Healthy RSI, MACD Bullish"
AMATA.BK,SET,SKIP,55,26.5,63.9,1.01,"EMA20 Rising, EMA20 > EMA50, EMA50 > EMA200, Close > EMA20, Healthy RSI, Volume Increasing"
SPI.BK,SET,SKIP,55,32.25,50.5,0.24,"EMA20 Rising, EMA20 > EMA50, EMA50 > EMA200, Close > EMA20, Near EMA20, Volume Increasing"
RCL.BK,SET,SKIP,55,31.75,51.9,1.49,"EMA20 Rising, EMA20 > EMA50, EMA50 > EMA200, Close > EMA20, Near EMA20, Volume Increasing"
SPVI.BK,SET,SKIP,55,3.42,53.8,0.72,"EMA20 Rising, EMA20 > EMA50, EMA50 > EMA200, Close > EMA20, Near EMA20, Volume Increasing"
ROCK.BK,SET,SKIP,55,10.1,50.4,0.85,"EMA20 Rising, EMA20 > EMA50, EMA50 > EMA200, Close > EMA20, Near EMA20, MACD Bullish"
BIG.BK,SET,SKIP,55,0.31,57.7,0.11,"EMA20 Rising, EMA20 > EMA50, Close > EMA20, Near EMA20, Healthy RSI, MACD Bullish"
AEONTS.BK,SET,SKIP,55,96.25,58.5,0.81,"EMA20 Rising, EMA20 > EMA50, Close > EMA20, Near EMA20, Healthy RSI, MACD Bullish"
RT.BK,SET,SKIP,55,0.3,53.9,0.65,"EMA20 Rising, EMA20 > EMA50, EMA50 > EMA200, Close > EMA20, Near EMA20, Volume Increasing"
AHC.BK,SET,SKIP,55,12.4,44.6,0.29,"EMA9 Cross EMA20, Near EMA20, MACD Bullish, Volume Increasing"
BKGI.BK,SET,SKIP,55,2.02,64.0,0.15,"EMA20 Rising, EMA20 > EMA50, EMA50 > EMA200, Close > EMA20, Healthy RSI, Volume Increasing"
ITEL.BK,SET,SKIP,55,1.36,53.9,0.84,"EMA20 Rising, EMA20 > EMA50, EMA50 > EMA200, Close > EMA20, Near EMA20, Volume Increasing"
TRUBB.BK,SET,SKIP,55,1.07,52.0,0.52,"EMA20 Rising, EMA20 > EMA50, EMA50 > EMA200, Close > EMA20, Near EMA20, MACD Bullish"
ASW.BK,SET,SKIP,50,6.65,23.9,3.75,"EMA20 > EMA50, EMA50 > EMA200, Near EMA20, RVOL > 1.5, Volume Increasing"
AOT.BK,SET,SKIP,50,59.75,68.7,0.79,"EMA20 Rising, EMA20 > EMA50, EMA50 > EMA200, Close > EMA20, MACD Bullish, Volume Increasing"
ASN.BK,SET,SKIP,50,0.74,51.7,0.0,"EMA20 Rising, EMA20 > EMA50, Close > EMA20, Near EMA20, MACD Bullish, Volume Increasing"
TSI.BK,SET,SKIP,50,0.06,52.5,0.0,"EMA20 Rising, EMA20 > EMA50, EMA50 > EMA200, Close > EMA20, Near EMA20"
TSTH.BK,SET,SKIP,50,0.89,51.3,0.32,"EMA20 Rising, EMA20 > EMA50, EMA50 > EMA200, Close > EMA20, Near EMA20"
KK.BK,SET,SKIP,50,1.05,51.6,0.26,"EMA20 Rising, EMA20 > EMA50, EMA50 > EMA200, Close > EMA20, Near EMA20"
JCT.BK,SET,SKIP,50,82.5,53.4,0.0,"EMA20 Rising, EMA20 > EMA50, EMA50 > EMA200, Close > EMA20, Near EMA20"
JDF.BK,SET,SKIP,50,1.97,66.2,0.12,"EMA20 Rising, EMA20 > EMA50, EMA50 > EMA200, Close > EMA20, Near EMA20"
TTW.BK,SET,SKIP,50,9.35,51.4,1.53,"EMA20 > EMA50, EMA50 > EMA200, Near EMA20, RVOL > 1.5, Volume Increasing"
PICO.BK,SET,SKIP,50,4.2,52.2,,"EMA20 Rising, EMA20 > EMA50, EMA50 > EMA200, Close > EMA20, Near EMA20"
OGC.BK,SET,SKIP,50,8.7,42.6,0.11,"EMA9 Cross EMA20, Near EMA20, MACD Bullish"
PAP.BK,SET,SKIP,50,2.5,52.9,0.41,"EMA20 Rising, EMA20 > EMA50, EMA50 > EMA200, Close > EMA20, Near EMA20"
TM.BK,SET,SKIP,50,0.92,63.9,0.16,"EMA20 Rising, EMA20 > EMA50, Close > EMA20, Near EMA20, Healthy RSI"
NEP.BK,SET,SKIP,50,0.2,54.0,1.88,"EMA20 Rising, Close > EMA20, Near EMA20, RVOL > 1.5, MACD Bullish"
TMILL.BK,SET,SKIP,50,2.42,66.6,0.11,"EMA20 Rising, EMA20 > EMA50, EMA50 > EMA200, Close > EMA20, Near EMA20"
ASAP.BK,SET,SKIP,50,2.14,62.0,0.23,"EMA20 Rising, EMA20 > EMA50, EMA50 > EMA200, Close > EMA20, Healthy RSI"
ARIN.BK,SET,SKIP,50,0.51,53.0,2.7,"EMA20 Rising, Close > EMA20, Near EMA20, RVOL > 1.5, Volume Increasing"
KPNREIT.BK,SET,SKIP,50,1.94,38.7,1.65,"EMA20 > EMA50, EMA50 > EMA200, Near EMA20, RVOL > 1.5, Volume Increasing"
TTI.BK,SET,SKIP,50,26.25,54.9,0.0,"EMA20 Rising, EMA20 > EMA50, EMA50 > EMA200, Close > EMA20, Near EMA20"
IP.BK,SET,SKIP,50,4.38,53.9,0.63,"EMA20 Rising, EMA20 > EMA50, EMA50 > EMA200, Close > EMA20, Near EMA20"
TSC.BK,SET,SKIP,50,14.7,54.4,0.12,"EMA20 Rising, EMA20 > EMA50, EMA50 > EMA200, Close > EMA20, Near EMA20"
SVOA.BK,SET,SKIP,50,1.84,66.2,1.07,"EMA20 Rising, EMA20 > EMA50, EMA50 > EMA200, Close > EMA20, MACD Bullish, Volume Increasing"
SIAM.BK,SET,SKIP,50,0.75,54.2,0.04,"EMA20 Rising, EMA20 > EMA50, EMA50 > EMA200, Close > EMA20, Near EMA20"
AURA.BK,SET,SKIP,50,14.0,47.2,2.27,"EMA20 > EMA50, EMA50 > EMA200, Near EMA20, RVOL > 1.5, Volume Increasing"
IROYAL.BK,SET,SKIP,50,4.6,52.4,0.63,"EMA20 Rising, EMA50 > EMA200, Close > EMA20, Near EMA20, MACD Bullish, Volume Increasing"
INGRS.BK,SET,SKIP,50,0.36,68.4,,"EMA20 Rising, EMA20 > EMA50, EMA50 > EMA200, Close > EMA20, Near EMA20"
SAT.BK,SET,SKIP,50,15.8,68.3,0.72,"EMA20 Rising, EMA20 > EMA50, EMA50 > EMA200, Close > EMA20, Near EMA20"
ROCTEC.BK,SET,SKIP,50,0.66,52.1,0.09,"EMA20 Rising, EMA20 > EMA50, EMA50 > EMA200, Close > EMA20, Near EMA20"
CHEWA.BK,SET,SKIP,50,0.17,48.6,0.62,"EMA9 Cross EMA20, Near EMA20, MACD Bullish"
CHAYO.BK,SET,SKIP,50,1.27,56.4,0.31,"EMA20 Rising, EMA20 > EMA50, Close > EMA20, Near EMA20, Healthy RSI"
MFEC.BK,SET,SKIP,50,5.8,53.4,0.39,"EMA20 Rising, EMA20 > EMA50, EMA50 > EMA200, Close > EMA20, Near EMA20"
MDX.BK,SET,SKIP,50,2.5,51.1,0.53,"EMA20 Rising, EMA20 > EMA50, EMA50 > EMA200, Close > EMA20, Near EMA20"
CHOW.BK,SET,SKIP,50,1.37,50.2,0.08,"EMA20 Rising, EMA20 > EMA50, EMA50 > EMA200, Close > EMA20, Near EMA20"
LPN.BK,SET,SKIP,50,1.55,51.5,2.08,"EMA20 Rising, Close > EMA20, Near EMA20, RVOL > 1.5, Volume Increasing"
M.BK,SET,SKIP,50,21.2,54.7,0.29,"EMA20 Rising, EMA20 > EMA50, EMA50 > EMA200, Close > EMA20, Near EMA20"
UPOIC.BK,SET,SKIP,50,6.85,49.6,0.86,"EMA20 Rising, EMA50 > EMA200, Close > EMA20, Near EMA20, MACD Bullish, Volume Increasing"
BIS.BK,SET,SKIP,50,2.06,57.1,0.53,"EMA20 Rising, EMA20 > EMA50, Close > EMA20, Near EMA20, Healthy RSI"
SC.BK,SET,SKIP,50,1.8,48.1,0.56,"EMA20 Rising, EMA50 > EMA200, Close > EMA20, Near EMA20, MACD Bullish, Volume Increasing"
SCCC.BK,SET,SKIP,50,143.0,39.8,4.77,"EMA20 > EMA50, EMA50 > EMA200, Near EMA20, RVOL > 1.5, Volume Increasing"
FANG,USA,SKIP,50,183.5,38.5,1.76,"EMA20 > EMA50, EMA50 > EMA200, Near EMA20, RVOL > 1.5, Volume Increasing"
EA,USA,SKIP,50,202.15,48.4,2.79,"EMA20 > EMA50, EMA50 > EMA200, Near EMA20, RVOL > 1.5, Volume Increasing"
TNR.BK,SET,SKIP,50,5.15,54.1,0.88,"EMA20 Rising, EMA20 > EMA50, Close > EMA20, Near EMA20, MACD Bullish, Volume Increasing"
TPS.BK,SET,SKIP,50,3.2,55.8,0.53,"EMA20 Rising, Close > EMA20, Near EMA20, Healthy RSI, MACD Bullish, Volume Increasing"
AAPL,USA,SKIP,50,298.01,51.0,1.63,"EMA20 > EMA50, EMA50 > EMA200, Near EMA20, RVOL > 1.5, Volume Increasing"
PCSGH.BK,SET,SKIP,50,2.98,54.4,0.59,"EMA20 Rising, EMA20 > EMA50, EMA50 > EMA200, Close > EMA20, Near EMA20"
MODERN.BK,SET,SKIP,50,2.04,53.9,0.33,"EMA20 Rising, EMA20 > EMA50, EMA50 > EMA200, Close > EMA20, Near EMA20"
ESTAR.BK,SET,SKIP,50,0.22,49.8,0.04,"EMA20 Rising, EMA20 > EMA50, EMA50 > EMA200, Close > EMA20, Near EMA20"
NCP.BK,SET,SKIP,50,1.11,54.6,0.16,"EMA20 Rising, EMA20 > EMA50, EMA50 > EMA200, Close > EMA20, Near EMA20"
ODFL,USA,SKIP,50,221.04,46.6,1.83,"EMA20 > EMA50, EMA50 > EMA200, Near EMA20, RVOL > 1.5, Volume Increasing"
STA.BK,SET,SKIP,50,17.7,37.0,1.67,"EMA20 > EMA50, EMA50 > EMA200, Near EMA20, RVOL > 1.5, Volume Increasing"
ACG.BK,SET,SKIP,50,0.74,54.7,0.06,"EMA20 Rising, EMA20 > EMA50, EMA50 > EMA200, Close > EMA20, Near EMA20"
ADVANC.BK,SET,SKIP,50,357.0,48.8,1.81,"EMA20 > EMA50, EMA50 > EMA200, Near EMA20, RVOL > 1.5, Volume Increasing"
MDLZ,USA,SKIP,50,60.12,42.8,2.92,"EMA20 > EMA50, EMA50 > EMA200, Near EMA20, RVOL > 1.5, Volume Increasing"
ALLA.BK,SET,SKIP,50,1.17,53.7,0.51,"EMA20 Rising, EMA20 > EMA50, EMA50 > EMA200, Close > EMA20, Near EMA20"
ALT.BK,SET,SKIP,50,1.62,59.7,0.46,"EMA20 Rising, EMA20 > EMA50, EMA50 > EMA200, Close > EMA20, Healthy RSI"
DITTO.BK,SET,SKIP,50,13.5,57.9,0.4,"EMA20 Rising, EMA20 > EMA50, EMA50 > EMA200, Close > EMA20, Healthy RSI"
WP.BK,SET,SKIP,50,3.54,52.4,0.81,"EMA20 Rising, EMA20 > EMA50, EMA50 > EMA200, Close > EMA20, Near EMA20"
APP,USA,SKIP,50,469.71,41.1,1.77,"EMA20 > EMA50, EMA50 > EMA200, Near EMA20, RVOL > 1.5, Volume Increasing"
AMGN,USA,SKIP,50,337.6,47.0,2.69,"EMA20 > EMA50, EMA50 > EMA200, Near EMA20, RVOL > 1.5, Volume Increasing"
PTC.BK,SET,SKIP,50,0.59,50.0,4.03,"EMA20 Rising, Close > EMA20, Near EMA20, RVOL > 1.5, Volume Increasing"
TPP.BK,SET,SKIP,50,12.0,65.2,0.12,"EMA20 Rising, EMA20 > EMA50, EMA50 > EMA200, Close > EMA20, Near EMA20"
TERA.BK,SET,SKIP,50,1.09,52.0,0.42,"EMA20 Rising, EMA20 > EMA50, EMA50 > EMA200, Close > EMA20, Near EMA20"
AMZN,USA,SKIP,50,244.39,44.0,1.71,"EMA20 > EMA50, EMA50 > EMA200, Near EMA20, RVOL > 1.5, Volume Increasing"
D.BK,SET,SKIP,50,2.9,54.7,0.46,"EMA20 Rising, EMA20 > EMA50, EMA50 > EMA200, Close > EMA20, Near EMA20"
CSS.BK,SET,SKIP,50,0.99,59.9,0.68,"EMA20 Rising, EMA20 > EMA50, EMA50 > EMA200, Close > EMA20, Healthy RSI"
TEAMG.BK,SET,SKIP,50,3.0,54.3,0.21,"EMA20 Rising, EMA20 > EMA50, EMA50 > EMA200, Close > EMA20, Near EMA20"
KAMART.BK,SET,SKIP,45,7.6,58.3,1.13,"EMA20 Rising, Close > EMA20, Near EMA20, Healthy RSI, MACD Bullish"
ONEE.BK,SET,SKIP,45,2.86,67.1,0.27,"EMA20 Rising, EMA20 > EMA50, EMA50 > EMA200, Close > EMA20, MACD Bullish"
3BBIF.BK,SET,SKIP,45,6.45,43.5,1.82,"EMA50 > EMA200, Near EMA20, RVOL > 1.5, MACD Bullish, Volume Increasing"
XEL,USA,SKIP,45,77.41,45.2,2.22,"EMA50 > EMA200, Near EMA20, RVOL > 1.5, MACD Bullish, Volume Increasing"
SPC.BK,SET,SKIP,45,55.5,53.9,0.13,"EMA20 Rising, EMA20 > EMA50, Close > EMA20, Near EMA20, Volume Increasing"
NNCL.BK,SET,SKIP,45,1.67,67.2,0.26,"EMA20 Rising, EMA20 > EMA50, EMA50 > EMA200, Close > EMA20, MACD Bullish"
MENA.BK,SET,SKIP,45,0.68,54.2,1.03,"EMA20 Rising, EMA20 > EMA50, Close > EMA20, Near EMA20, MACD Bullish"
BJCHI.BK,SET,SKIP,45,0.82,65.3,0.86,"EMA20 Rising, EMA20 > EMA50, EMA50 > EMA200, Close > EMA20, MACD Bullish"
SK.BK,SET,SKIP,45,0.54,50.8,0.67,"EMA20 Rising, EMA20 > EMA50, Close > EMA20, Near EMA20, MACD Bullish"
SIS.BK,SET,SKIP,45,21.6,49.1,0.46,"EMA20 Rising, EMA50 > EMA200, Close > EMA20, Near EMA20, MACD Bullish"
KTC.BK,SET,SKIP,45,32.0,69.4,0.62,"EMA20 Rising, EMA20 > EMA50, EMA50 > EMA200, Close > EMA20, MACD Bullish"
ITNS.BK,SET,SKIP,45,1.75,47.6,1.76,"EMA50 > EMA200, Near EMA20, RVOL > 1.5, MACD Bullish, Volume Increasing"
AAI.BK,SET,SKIP,45,3.6,56.0,0.64,"EMA20 Rising, Close > EMA20, Near EMA20, Healthy RSI, MACD Bullish"
NL.BK,SET,SKIP,45,0.7,60.3,1.47,"EMA20 Rising, EMA20 > EMA50, Close > EMA20, Healthy RSI, Volume Increasing"
VIH.BK,SET,SKIP,45,8.05,36.5,4.49,"EMA50 > EMA200, Near EMA20, RVOL > 1.5, MACD Bullish, Volume Increasing"
FANCY.BK,SET,SKIP,45,0.31,57.4,0.24,"EMA20 Rising, EMA20 > EMA50, Close > EMA20, Healthy RSI, MACD Bullish"
AEP,USA,SKIP,45,127.69,46.2,2.01,"EMA50 > EMA200, Near EMA20, RVOL > 1.5, MACD Bullish, Volume Increasing"
EAST.BK,SET,SKIP,45,0.69,53.6,0.15,"EMA20 Rising, EMA20 > EMA50, Close > EMA20, Near EMA20, Volume Increasing"
LIT.BK,SET,SKIP,45,0.74,65.1,0.55,"EMA20 Rising, EMA20 > EMA50, EMA50 > EMA200, Close > EMA20, Volume Increasing"
CIG.BK,SET,SKIP,45,0.03,53.2,0.13,"EMA20 Rising, EMA20 > EMA50, Close > EMA20, Near EMA20, Volume Increasing"
RSP.BK,SET,SKIP,45,0.96,52.7,0.05,"EMA20 Rising, EMA20 > EMA50, Close > EMA20, Near EMA20, MACD Bullish"
TQR.BK,SET,SKIP,45,5.45,68.8,0.4,"EMA20 Rising, EMA20 > EMA50, EMA50 > EMA200, Close > EMA20, MACD Bullish"
CBG.BK,SET,SKIP,45,40.75,53.5,1.08,"EMA20 Rising, EMA20 > EMA50, Close > EMA20, Near EMA20, Volume Increasing"
DXCM,USA,SKIP,45,72.47,53.5,1.45,"EMA20 Rising, EMA20 > EMA50, Close > EMA20, Near EMA20, Volume Increasing"
SINO.BK,SET,SKIP,45,0.91,53.3,0.91,"EMA20 Rising, EMA20 > EMA50, Close > EMA20, Near EMA20, Volume Increasing"
TCC.BK,SET,SKIP,45,0.34,54.5,0.53,"EMA20 Rising, EMA50 > EMA200, Close > EMA20, Near EMA20, MACD Bullish"
SUTHA.BK,SET,SKIP,45,2.74,66.1,0.36,"EMA20 Rising, EMA20 > EMA50, EMA50 > EMA200, Close > EMA20, MACD Bullish"
SUPER.BK,SET,SKIP,45,0.13,54.2,0.38,"EMA20 Rising, EMA20 > EMA50, EMA50 > EMA200, Close > EMA20, Volume Increasing"
TWZ.BK,SET,SKIP,45,0.01,47.7,0.52,"EMA9 Cross EMA20, Near EMA20"
WBD,USA,SKIP,40,26.2,38.1,1.84,"EMA50 > EMA200, Near EMA20, RVOL > 1.5, Volume Increasing"
SPALI.BK,SET,SKIP,40,15.7,51.6,1.28,"EMA20 Rising, Close > EMA20, Near EMA20, MACD Bullish, Volume Increasing"
IT.BK,SET,SKIP,40,5.8,68.4,0.13,"EMA20 Rising, EMA20 > EMA50, EMA50 > EMA200, Close > EMA20"
AMR.BK,SET,SKIP,40,0.42,64.4,0.04,"EMA20 Rising, EMA20 > EMA50, Close > EMA20, Healthy RSI"
AMC.BK,SET,SKIP,40,2.12,36.4,1.53,"EMA50 > EMA200, Near EMA20, RVOL > 1.5, Volume Increasing"
KHC,USA,SKIP,40,22.82,45.4,1.52,"EMA20 > EMA50, Near EMA20, RVOL > 1.5, Volume Increasing"
TSTE.BK,SET,SKIP,40,10.6,71.2,0.0,"EMA20 Rising, EMA20 > EMA50, Close > EMA20, Near EMA20"
ISSARA.BK,SET,SKIP,40,6.75,54.3,1.44,"EMA20 Rising, Close > EMA20, Near EMA20, MACD Bullish, Volume Increasing"
GILD,USA,SKIP,40,123.76,40.4,1.63,"EMA50 > EMA200, Near EMA20, RVOL > 1.5, Volume Increasing"
HFT.BK,SET,SKIP,40,4.06,38.4,2.11,"EMA50 > EMA200, Near EMA20, RVOL > 1.5, Volume Increasing"
CAZ.BK,SET,SKIP,40,1.65,66.1,0.58,"EMA20 Rising, EMA20 > EMA50, Close > EMA20, MACD Bullish, Volume Increasing"
GGC.BK,SET,SKIP,40,3.48,21.7,1.79,"EMA50 > EMA200, Near EMA20, RVOL > 1.5, Volume Increasing"
BIOTEC.BK,SET,SKIP,40,0.23,37.2,1.79,"EMA50 > EMA200, Near EMA20, RVOL > 1.5, Volume Increasing"
ROJNA.BK,SET,SKIP,40,5.6,68.4,0.34,"EMA20 Rising, EMA20 > EMA50, EMA50 > EMA200, Close > EMA20"
LTS.BK,SET,SKIP,40,2.7,54.7,0.17,"EMA20 Rising, EMA20 > EMA50, Close > EMA20, Near EMA20"
BRI.BK,SET,SKIP,40,1.27,49.3,0.16,"EMA20 Rising, Close > EMA20, Near EMA20, MACD Bullish, Volume Increasing"
TAKUNI.BK,SET,SKIP,40,0.38,51.1,0.39,"EMA20 Rising, EMA20 > EMA50, Close > EMA20, Near EMA20"
LANNA.BK,SET,SKIP,40,14.4,49.4,0.5,"EMA20 Rising, Close > EMA20, Near EMA20, MACD Bullish, Volume Increasing"
BCP.BK,SET,SKIP,40,33.25,42.6,1.99,"EMA50 > EMA200, Near EMA20, RVOL > 1.5, Volume Increasing"
SGF.BK,SET,SKIP,40,0.14,59.4,0.05,"EMA20 Rising, Close > EMA20, Healthy RSI, MACD Bullish, Volume Increasing"
IVL.BK,SET,SKIP,40,22.3,40.6,1.51,"EMA50 > EMA200, Near EMA20, RVOL > 1.5, Volume Increasing"
RAM.BK,SET,SKIP,40,17.9,38.8,3.45,"EMA50 > EMA200, Near EMA20, RVOL > 1.5, Volume Increasing"
CHASE.BK,SET,SKIP,40,0.49,53.9,0.25,"EMA20 Rising, EMA20 > EMA50, Close > EMA20, Near EMA20"
TFMAMA.BK,SET,SKIP,40,187.0,50.4,0.91,"EMA20 Rising, EMA20 > EMA50, Close > EMA20, Near EMA20"
TEKA.BK,SET,SKIP,40,1.73,50.0,0.04,"EMA20 Rising, EMA50 > EMA200, Close > EMA20, Near EMA20"
FLOYD.BK,SET,SKIP,40,1.0,40.2,2.26,"EMA50 > EMA200, Near EMA20, RVOL > 1.5, Volume Increasing"
TOPP.BK,SET,SKIP,40,138.5,54.9,20.0,"EMA20 > EMA50, Near EMA20, RVOL > 1.5, Volume Increasing"
TNP.BK,SET,SKIP,40,2.74,34.9,1.69,"EMA50 > EMA200, Near EMA20, RVOL > 1.5, Volume Increasing"
ADP,USA,SKIP,40,218.41,47.0,2.38,"EMA20 > EMA50, Near EMA20, RVOL > 1.5, Volume Increasing"
PB.BK,SET,SKIP,40,48.0,50.6,0.0,"EMA20 Rising, EMA20 > EMA50, Close > EMA20, Near EMA20"
PPP.BK,SET,SKIP,40,0.81,39.7,3.19,"EMA20 > EMA50, Near EMA20, RVOL > 1.5, Volume Increasing"
CHAO.BK,SET,SKIP,40,4.2,51.3,1.49,"EMA20 Rising, Close > EMA20, Near EMA20, MACD Bullish, Volume Increasing"
AXON,USA,SKIP,40,423.4,45.7,1.61,"EMA20 > EMA50, Near EMA20, RVOL > 1.5, Volume Increasing"
OKJ.BK,SET,SKIP,40,3.68,54.7,0.07,"EMA20 Rising, EMA20 > EMA50, Close > EMA20, Near EMA20"
NKI.BK,SET,SKIP,40,14.5,51.2,0.0,"EMA20 Rising, EMA20 > EMA50, Close > EMA20, Near EMA20"
NCAP.BK,SET,SKIP,40,2.66,53.5,0.22,"EMA20 Rising, EMA20 > EMA50, Close > EMA20, Near EMA20"
TKT.BK,SET,SKIP,40,0.73,53.0,0.27,"EMA20 Rising, EMA20 > EMA50, Close > EMA20, Near EMA20"
OR.BK,SET,SKIP,40,12.4,51.9,0.82,"EMA20 Rising, Close > EMA20, Near EMA20, MACD Bullish, Volume Increasing"
OCC.BK,SET,SKIP,40,9.8,51.7,0.0,"EMA20 Rising, EMA20 > EMA50, Close > EMA20, Near EMA20"
TPA.BK,SET,SKIP,40,2.66,53.2,0.02,"EMA20 Rising, EMA20 > EMA50, Close > EMA20, Near EMA20"
AIT.BK,SET,SKIP,40,4.7,49.8,0.81,"EMA20 > EMA50, EMA50 > EMA200, Near EMA20, MACD Bullish, Volume Increasing"
AE.BK,SET,SKIP,40,0.1,47.3,0.47,"EMA20 Rising, Close > EMA20, Near EMA20, MACD Bullish, Volume Increasing"
ORLY,USA,SKIP,35,86.84,39.1,2.03,"Near EMA20, RVOL > 1.5, MACD Bullish, Volume Increasing"
PYPL,USA,SKIP,35,42.51,44.8,1.64,"Near EMA20, RVOL > 1.5, MACD Bullish, Volume Increasing"
REGN,USA,SKIP,35,609.94,38.0,2.16,"Near EMA20, RVOL > 1.5, MACD Bullish, Volume Increasing"
STELLA.BK,SET,SKIP,35,0.27,46.2,0.27,"EMA20 > EMA50, EMA50 > EMA200, Near EMA20, Volume Increasing"
AGE.BK,SET,SKIP,35,1.23,46.5,0.39,"EMA20 > EMA50, EMA50 > EMA200, Near EMA20, Volume Increasing"
AI.BK,SET,SKIP,35,2.9,52.9,0.04,"EMA20 Rising, Close > EMA20, Near EMA20, MACD Bullish"
MDB,USA,SKIP,35,332.75,49.7,1.03,"EMA20 > EMA50, EMA50 > EMA200, Near EMA20, Volume Increasing"
STC.BK,SET,SKIP,35,0.56,47.3,0.05,"EMA20 > EMA50, EMA50 > EMA200, Near EMA20, MACD Bullish"
AJ.BK,SET,SKIP,35,2.78,46.3,0.63,"EMA20 > EMA50, EMA50 > EMA200, Near EMA20, Volume Increasing"
WIN.BK,SET,SKIP,35,0.27,46.7,2.22,"Near EMA20, RVOL > 1.5, MACD Bullish, Volume Increasing"
NPK.BK,SET,SKIP,35,12.8,47.5,2.44,"EMA50 > EMA200, Near EMA20, RVOL > 1.5"
SST.BK,SET,SKIP,35,0.96,32.0,6.68,"Near EMA20, RVOL > 1.5, MACD Bullish, Volume Increasing"
AMA.BK,SET,SKIP,35,3.84,48.7,0.4,"EMA20 Rising, Close > EMA20, Near EMA20, MACD Bullish"
FSMART.BK,SET,SKIP,35,7.2,49.8,0.25,"EMA20 > EMA50, EMA50 > EMA200, Near EMA20, Volume Increasing"
XPG.BK,SET,SKIP,35,0.46,51.0,0.6,"EMA20 Rising, Close > EMA20, Near EMA20, Volume Increasing"
CSP.BK,SET,SKIP,35,0.45,39.5,0.64,"EMA20 > EMA50, EMA50 > EMA200, Near EMA20, Volume Increasing"
ETL.BK,SET,SKIP,35,0.42,50.1,0.42,"EMA20 Rising, Close > EMA20, Near EMA20, MACD Bullish"
MSC.BK,SET,SKIP,35,6.0,51.2,0.15,"EMA20 Rising, Close > EMA20, Near EMA20, MACD Bullish"
NVD.BK,SET,SKIP,35,0.55,37.7,1.61,"Near EMA20, RVOL > 1.5, MACD Bullish, Volume Increasing"
TKC.BK,SET,SKIP,35,9.4,50.0,0.15,"EMA20 > EMA50, EMA50 > EMA200, Near EMA20, Volume Increasing"
NC.BK,SET,SKIP,35,1.78,48.7,0.1,"EMA20 Rising, Close > EMA20, Near EMA20, MACD Bullish"
DELTA.BK,SET,SKIP,35,334.0,45.9,1.42,"EMA20 > EMA50, EMA50 > EMA200, Near EMA20, Volume Increasing"
PQS.BK,SET,SKIP,35,1.8,70.9,0.38,"EMA20 Rising, EMA20 > EMA50, Close > EMA20, MACD Bullish"
THG.BK,SET,SKIP,35,7.35,34.3,6.76,"Near EMA20, RVOL > 1.5, MACD Bullish, Volume Increasing"
PK.BK,SET,SKIP,35,0.46,53.5,1.2,"EMA20 Rising, Close > EMA20, Near EMA20, MACD Bullish"
PLANET.BK,SET,SKIP,35,0.77,44.2,3.44,"EMA20 > EMA50, Near EMA20, RVOL > 1.5"
YUASA.BK,SET,SKIP,35,14.2,47.8,0.54,"EMA20 > EMA50, EMA50 > EMA200, Near EMA20, Volume Increasing"
PDJ.BK,SET,SKIP,35,0.96,51.5,0.63,"EMA20 Rising, Close > EMA20, Near EMA20, MACD Bullish"
PEACE.BK,SET,SKIP,35,1.56,38.9,2.78,"Near EMA20, RVOL > 1.5, MACD Bullish, Volume Increasing"
EA.BK,SET,SKIP,35,3.1,50.3,0.69,"EMA20 > EMA50, EMA50 > EMA200, Near EMA20, Volume Increasing"
PSL.BK,SET,SKIP,35,7.1,48.2,0.44,"EMA20 > EMA50, EMA50 > EMA200, Near EMA20, Volume Increasing"
TGE.BK,SET,SKIP,35,1.04,33.2,7.17,"Near EMA20, RVOL > 1.5, MACD Bullish, Volume Increasing"
PTT.BK,SET,SKIP,35,35.25,39.7,0.97,"EMA20 > EMA50, EMA50 > EMA200, Near EMA20, Volume Increasing"
MNIT2.BK,SET,SKIP,35,5.0,49.5,0.41,"EMA20 > EMA50, EMA50 > EMA200, Near EMA20, Volume Increasing"
CHTR,USA,SKIP,35,126.23,32.1,5.02,"Near EMA20, RVOL > 1.5, MACD Bullish, Volume Increasing"
KOOL.BK,SET,SKIP,35,0.29,49.8,0.98,"EMA20 > EMA50, EMA50 > EMA200, Near EMA20, Volume Increasing"
GOOGL,USA,SKIP,35,368.03,49.2,1.36,"EMA20 > EMA50, EMA50 > EMA200, Near EMA20, Volume Increasing"
ISRG,USA,SKIP,35,406.78,40.5,1.74,"Near EMA20, RVOL > 1.5, MACD Bullish, Volume Increasing"
TTA.BK,SET,SKIP,35,4.84,41.7,0.93,"EMA20 > EMA50, EMA50 > EMA200, Near EMA20, Volume Increasing"
TTCL.BK,SET,SKIP,35,0.08,49.9,,"EMA20 Rising, Close > EMA20, Near EMA20, MACD Bullish"
APURE.BK,SET,SKIP,35,2.04,50.7,0.95,"EMA20 Rising, Close > EMA20, Near EMA20, MACD Bullish"
ASIA.BK,SET,SKIP,35,5.3,26.7,1.9,"Near EMA20, RVOL > 1.5, MACD Bullish, Volume Increasing"
IRPC.BK,SET,SKIP,35,1.73,40.2,1.25,"EMA20 > EMA50, EMA50 > EMA200, Near EMA20, Volume Increasing"
BAM.BK,SET,SKIP,35,6.6,52.9,0.45,"EMA20 Rising, Close > EMA20, Near EMA20, MACD Bullish"
SCL.BK,SET,SKIP,35,1.45,53.2,0.55,"EMA20 > EMA50, EMA50 > EMA200, Near EMA20, Volume Increasing"
BBGI.BK,SET,SKIP,35,3.92,37.5,0.53,"EMA20 > EMA50, EMA50 > EMA200, Near EMA20, Volume Increasing"
BKD.BK,SET,SKIP,35,1.1,48.9,1.35,"EMA20 > EMA50, EMA50 > EMA200, Near EMA20, Volume Increasing"
SCM.BK,SET,SKIP,35,0.12,50.9,0.52,"EMA20 Rising, Close > EMA20, Near EMA20, Volume Increasing"
SAV.BK,SET,SKIP,35,10.9,52.0,0.86,"EMA20 Rising, Close > EMA20, Near EMA20, Volume Increasing"
SECURE.BK,SET,SKIP,35,12.3,49.6,0.67,"EMA20 > EMA50, EMA50 > EMA200, Near EMA20, Volume Increasing"
DDOG,USA,SKIP,35,223.0,52.4,1.39,"EMA20 > EMA50, EMA50 > EMA200, Near EMA20, Volume Increasing"
UKEM.BK,SET,SKIP,35,0.97,44.0,0.89,"EMA20 > EMA50, EMA50 > EMA200, Near EMA20, Volume Increasing"
VARO.BK,SET,SKIP,35,4.02,50.3,0.86,"EMA20 Rising, Close > EMA20, Near EMA20, MACD Bullish"
BRRGIF.BK,SET,SKIP,35,3.76,50.5,0.32,"EMA20 Rising, Close > EMA20, Near EMA20, MACD Bullish"
RICHY.BK,SET,SKIP,35,0.15,46.2,2.32,"Near EMA20, RVOL > 1.5, MACD Bullish, Volume Increasing"
TRU.BK,SET,SKIP,35,3.8,46.1,0.17,"EMA20 > EMA50, EMA50 > EMA200, Near EMA20, Volume Increasing"
GLORY.BK,SET,SKIP,35,1.08,46.0,0.57,"EMA20 > EMA50, EMA50 > EMA200, Near EMA20, Volume Increasing"
GTB.BK,SET,SKIP,35,0.69,44.8,1.07,"EMA20 > EMA50, EMA50 > EMA200, Near EMA20, Volume Increasing"
GABLE.BK,SET,SKIP,35,3.96,48.7,0.41,"EMA20 > EMA50, EMA50 > EMA200, Near EMA20, Volume Increasing"
BTW.BK,SET,SKIP,35,0.06,36.3,2.02,"Near EMA20, RVOL > 1.5, MACD Bullish, Volume Increasing"
GFPT.BK,SET,SKIP,35,8.6,44.2,2.42,"Near EMA20, RVOL > 1.5, MACD Bullish, Volume Increasing"
MCS.BK,SET,SKIP,35,7.65,52.4,0.63,"EMA20 Rising, Close > EMA20, Near EMA20, MACD Bullish"
TRV.BK,SET,SKIP,35,1.49,47.1,0.02,"EMA20 Rising, Close > EMA20, Near EMA20, MACD Bullish"
IND.BK,SET,SKIP,35,0.91,50.7,0.42,"EMA20 Rising, Close > EMA20, Near EMA20, MACD Bullish"
TVO.BK,SET,SKIP,35,25.75,52.2,1.39,"EMA20 > EMA50, EMA50 > EMA200, Near EMA20, Volume Increasing"
ILM.BK,SET,SKIP,35,12.5,49.3,0.47,"EMA20 Rising, Close > EMA20, Near EMA20, MACD Bullish"
SIMAT.BK,SET,SKIP,35,1.35,46.0,0.82,"EMA20 > EMA50, EMA50 > EMA200, Near EMA20, Volume Increasing"
JTS.BK,SET,SKIP,35,36.0,30.0,1.6,"Near EMA20, RVOL > 1.5, MACD Bullish, Volume Increasing"
STX.BK,SET,SKIP,35,0.87,49.3,0.94,"EMA20 Rising, Close > EMA20, Near EMA20, MACD Bullish"
APCS.BK,SET,SKIP,35,1.42,44.6,0.91,"EMA20 > EMA50, EMA50 > EMA200, Near EMA20, Volume Increasing"
ASP.BK,SET,SKIP,35,2.14,50.4,0.45,"EMA20 > EMA50, EMA50 > EMA200, Near EMA20, Volume Increasing"
TSLA,USA,SKIP,35,400.49,47.0,1.24,"EMA20 > EMA50, EMA50 > EMA200, Near EMA20, Volume Increasing"
SPA.BK,SET,SKIP,35,3.1,54.8,0.85,"EMA20 Rising, Close > EMA20, Near EMA20, MACD Bullish"
SPRC.BK,SET,SKIP,35,7.05,43.8,0.73,"EMA20 > EMA50, EMA50 > EMA200, Near EMA20, Volume Increasing"
TMUS,USA,SKIP,35,181.67,42.3,2.28,"Near EMA20, RVOL > 1.5, MACD Bullish, Volume Increasing"
STGT.BK,SET,SKIP,35,10.3,34.8,1.31,"EMA20 > EMA50, EMA50 > EMA200, Near EMA20, Volume Increasing"
VIBHA.BK,SET,SKIP,30,1.36,49.4,0.85,"EMA20 > EMA50, EMA50 > EMA200, Near EMA20"
BWG.BK,SET,SKIP,30,0.29,44.4,0.34,"EMA20 > EMA50, EMA50 > EMA200, Near EMA20"
TSE.BK,SET,SKIP,30,0.74,42.3,0.34,"EMA20 > EMA50, EMA50 > EMA200, Near EMA20"
UBE.BK,SET,SKIP,30,0.55,41.5,0.27,"EMA50 > EMA200, Near EMA20, MACD Bullish, Volume Increasing"
CPRT,USA,SKIP,30,30.23,38.9,2.46,"Near EMA20, RVOL > 1.5, Volume Increasing"
BIZ.BK,SET,SKIP,30,5.6,52.0,0.66,"EMA20 > EMA50, EMA50 > EMA200, Near EMA20"
SENX.BK,SET,SKIP,30,0.22,52.5,0.78,"EMA20 Rising, Close > EMA20, Near EMA20"
GEHC,USA,SKIP,30,61.59,41.1,1.79,"Near EMA20, RVOL > 1.5, Volume Increasing"
SITHAI.BK,SET,SKIP,30,1.03,48.7,0.06,"EMA20 > EMA50, EMA50 > EMA200, Near EMA20"
CHARAN.BK,SET,SKIP,30,17.0,36.0,0.0,"EMA20 > EMA50, EMA50 > EMA200, Near EMA20"
COMAN.BK,SET,SKIP,30,0.51,45.9,0.05,"EMA50 > EMA200, Near EMA20, MACD Bullish, Volume Increasing"
COLOR.BK,SET,SKIP,30,1.0,43.4,0.63,"EMA20 > EMA50, EMA50 > EMA200, Near EMA20"
ADSK,USA,SKIP,30,193.82,28.4,2.74,"Near EMA20, RVOL > 1.5, Volume Increasing"
PRIN.BK,SET,SKIP,30,1.35,45.7,1.65,"Near EMA20, RVOL > 1.5, MACD Bullish"
PL.BK,SET,SKIP,30,1.27,50.7,0.06,"EMA20 > EMA50, EMA50 > EMA200, Near EMA20"
BTG.BK,SET,SKIP,30,20.0,43.6,0.92,"EMA50 > EMA200, Near EMA20, MACD Bullish, Volume Increasing"
CTSH,USA,SKIP,30,43.7,25.9,5.14,"Near EMA20, RVOL > 1.5, Volume Increasing"
CTAS,USA,SKIP,30,170.85,45.1,1.72,"Near EMA20, RVOL > 1.5, Volume Increasing"
TPCH.BK,SET,SKIP,30,1.42,44.7,1.96,"Near EMA20, RVOL > 1.5, MACD Bullish"
VPO.BK,SET,SKIP,30,0.46,36.2,0.6,"EMA50 > EMA200, Near EMA20, MACD Bullish, Volume Increasing"
PRIME.BK,SET,SKIP,30,0.05,47.5,2.86,"Near EMA20, RVOL > 1.5, Volume Increasing"
CMCSA,USA,SKIP,30,22.43,27.4,2.29,"Near EMA20, RVOL > 1.5, Volume Increasing"
TFG.BK,SET,SKIP,30,9.05,43.2,1.17,"EMA20 > EMA50, EMA50 > EMA200, Near EMA20"
MOSHI.BK,SET,SKIP,30,36.5,48.4,0.92,"EMA20 > EMA50, EMA50 > EMA200, Near EMA20"
CSR.BK,SET,SKIP,30,72.25,43.6,0.0,"EMA20 > EMA50, EMA50 > EMA200, Near EMA20"
MOTHER.BK,SET,SKIP,30,1.14,47.2,0.27,"EMA20 > EMA50, EMA50 > EMA200, Near EMA20"
SSPF.BK,SET,SKIP,30,3.1,35.9,3.03,"Near EMA20, RVOL > 1.5, Volume Increasing"
NTSC.BK,SET,SKIP,30,6.2,49.0,0.43,"EMA20 > EMA50, EMA50 > EMA200, Near EMA20"
TITLE.BK,SET,SKIP,30,7.7,41.6,0.63,"EMA20 > EMA50, EMA50 > EMA200, Near EMA20"
TNH.BK,SET,SKIP,30,29.0,37.4,19.45,"Near EMA20, RVOL > 1.5, Volume Increasing"
EGATIF.BK,SET,SKIP,30,6.15,43.8,0.67,"EMA50 > EMA200, Near EMA20, MACD Bullish, Volume Increasing"
MILL.BK,SET,SKIP,30,0.02,0.2,1.68,"Near EMA20, RVOL > 1.5, Volume Increasing"
VNG.BK,SET,SKIP,30,1.91,47.0,0.09,"EMA50 > EMA200, Near EMA20, MACD Bullish, Volume Increasing"
PPM.BK,SET,SKIP,30,1.74,54.4,0.06,"EMA20 > EMA50, EMA50 > EMA200, Near EMA20"
ADBE,USA,SKIP,30,195.16,27.8,1.97,"Near EMA20, RVOL > 1.5, Volume Increasing"
CPT.BK,SET,SKIP,30,1.01,40.7,0.55,"EMA50 > EMA200, Near EMA20, MACD Bullish, Volume Increasing"
CPR.BK,SET,SKIP,30,2.6,44.0,2.54,"Near EMA20, RVOL > 1.5, Volume Increasing"
TNITY.BK,SET,SKIP,30,2.5,45.7,1.27,"EMA50 > EMA200, Near EMA20, MACD Bullish, Volume Increasing"
NER.BK,SET,SKIP,30,4.42,47.2,1.11,"EMA50 > EMA200, Near EMA20, MACD Bullish, Volume Increasing"
FPT.BK,SET,SKIP,30,6.3,43.1,0.11,"EMA20 > EMA50, EMA50 > EMA200, Near EMA20"
FTI.BK,SET,SKIP,30,1.77,49.5,0.28,"EMA20 > EMA50, Near EMA20, MACD Bullish, Volume Increasing"
WPH.BK,SET,SKIP,30,5.7,41.1,1.85,"Near EMA20, RVOL > 1.5, Volume Increasing"
TMC.BK,SET,SKIP,30,0.68,36.7,6.11,"Near EMA20, RVOL > 1.5, Volume Increasing"
DOD.BK,SET,SKIP,30,1.55,32.9,4.32,"Near EMA20, RVOL > 1.5, Volume Increasing"
META,USA,SKIP,30,577.22,43.0,1.51,"Near EMA20, RVOL > 1.5, Volume Increasing"
NFLX,USA,SKIP,30,77.38,28.0,2.33,"Near EMA20, RVOL > 1.5, Volume Increasing"
MSFT,USA,SKIP,30,379.4,35.0,1.53,"Near EMA20, RVOL > 1.5, Volume Increasing"
NRF.BK,SET,SKIP,30,0.24,46.2,2.66,"Near EMA20, RVOL > 1.5, Volume Increasing"
DPAINT.BK,SET,SKIP,30,0.29,25.8,2.49,"Near EMA20, RVOL > 1.5, Volume Increasing"
WDAY,USA,SKIP,30,116.93,35.8,1.92,"Near EMA20, RVOL > 1.5, Volume Increasing"
TTD,USA,SKIP,30,18.51,37.6,2.22,"Near EMA20, RVOL > 1.5, Volume Increasing"
ZS,USA,SKIP,30,124.85,40.5,2.07,"Near EMA20, RVOL > 1.5, Volume Increasing"
ITTHI.BK,SET,SKIP,30,1.18,47.8,2.43,"Near EMA20, RVOL > 1.5, Volume Increasing"
SKY.BK,SET,SKIP,30,14.9,52.9,0.33,"EMA20 > EMA50, EMA50 > EMA200, Near EMA20"
JAS.BK,SET,SKIP,30,1.17,50.7,0.62,"EMA20 > EMA50, Near EMA20, MACD Bullish, Volume Increasing"
KDH.BK,SET,SKIP,30,83.5,51.7,0.0,"EMA20 > EMA50, EMA50 > EMA200, Near EMA20"
IRCP.BK,SET,SKIP,30,0.26,50.7,0.88,"EMA20 Rising, Close > EMA20, Near EMA20"
KLINIQ.BK,SET,SKIP,30,24.9,34.6,0.98,"EMA20 > EMA50, EMA50 > EMA200, Near EMA20"
KC.BK,SET,SKIP,30,0.02,48.3,2.73,"Near EMA20, RVOL > 1.5, Volume Increasing"
HUMAN.BK,SET,SKIP,30,4.92,66.5,0.34,"EMA20 Rising, EMA20 > EMA50, Close > EMA20"
AYUD.BK,SET,SKIP,30,39.25,52.4,1.36,"EMA20 > EMA50, EMA50 > EMA200, Near EMA20"
BEYOND.BK,SET,SKIP,30,8.8,47.7,0.3,"EMA20 > EMA50, EMA50 > EMA200, Near EMA20"
IRC.BK,SET,SKIP,30,11.8,51.5,0.09,"EMA20 > EMA50, EMA50 > EMA200, Near EMA20"
TRUE.BK,SET,SKIP,30,13.7,43.6,0.69,"EMA20 > EMA50, EMA50 > EMA200, Near EMA20"
ICC.BK,SET,SKIP,30,24.3,48.8,1.43,"EMA20 > EMA50, Near EMA20, MACD Bullish, Volume Increasing"
GBX.BK,SET,SKIP,30,0.56,49.4,0.42,"EMA20 > EMA50, EMA50 > EMA200, Near EMA20"
TAE.BK,SET,SKIP,30,1.48,46.4,0.36,"EMA20 > EMA50, EMA50 > EMA200, Near EMA20"
RPC.BK,SET,SKIP,30,0.36,49.1,0.17,"EMA20 > EMA50, EMA50 > EMA200, Near EMA20"
BTSGIF.BK,SET,SKIP,30,2.42,23.3,2.93,"Near EMA20, RVOL > 1.5, Volume Increasing"
BTNC.BK,SET,SKIP,30,14.8,46.2,0.37,"EMA50 > EMA200, Near EMA20, MACD Bullish, Volume Increasing"
CSGP,USA,SKIP,30,30.12,29.7,2.19,"Near EMA20, RVOL > 1.5, Volume Increasing"
SGP.BK,SET,SKIP,30,8.1,26.7,0.78,"EMA20 > EMA50, EMA50 > EMA200, Near EMA20"
BC.BK,SET,SKIP,30,0.53,22.3,4.91,"Near EMA20, RVOL > 1.5, Volume Increasing"
SAUCE.BK,SET,SKIP,30,40.75,50.7,0.22,"EMA20 > EMA50, EMA50 > EMA200, Near EMA20"
TRP.BK,SET,SKIP,30,4.24,52.8,0.14,"EMA20 Rising, Close > EMA20, Near EMA20"
TRC.BK,SET,SKIP,30,0.58,50.8,0.17,"EMA20 > EMA50, EMA50 > EMA200, Near EMA20"
GENCO.BK,SET,SKIP,30,0.33,50.6,1.0,"EMA20 > EMA50, EMA50 > EMA200, Near EMA20"
CHO.BK,SET,SKIP,30,0.03,1.1,1.61,"Near EMA20, RVOL > 1.5, Volume Increasing"
BLAND.BK,SET,SKIP,25,0.44,47.0,1.08,"EMA20 > EMA50, Near EMA20, Volume Increasing"
BLC.BK,SET,SKIP,25,3.94,47.7,0.88,"EMA20 > EMA50, Near EMA20, Volume Increasing"
COST,USA,SKIP,25,951.45,37.7,1.49,"EMA50 > EMA200, Near EMA20, Volume Increasing"
SPREME.BK,SET,SKIP,25,1.49,43.4,0.21,"EMA50 > EMA200, Near EMA20, Volume Increasing"
DEXON.BK,SET,SKIP,25,0.84,46.6,1.55,"Near EMA20, RVOL > 1.5"
TOP.BK,SET,SKIP,25,45.0,45.8,1.38,"EMA50 > EMA200, Near EMA20, Volume Increasing"
FSX.BK,SET,SKIP,25,1.1,42.4,0.55,"EMA50 > EMA200, Near EMA20, Volume Increasing"
TPAC.BK,SET,SKIP,25,8.55,48.7,0.51,"EMA50 > EMA200, Near EMA20, Volume Increasing"
PREB.BK,SET,SKIP,25,3.4,41.7,0.61,"EMA50 > EMA200, Near EMA20, MACD Bullish"
PF.BK,SET,SKIP,25,0.04,45.1,0.66,"EMA20 > EMA50, Near EMA20, Volume Increasing"
CPH.BK,SET,SKIP,25,7.75,46.8,0.33,"EMA50 > EMA200, Near EMA20, MACD Bullish"
DTCI.BK,SET,SKIP,25,17.3,39.7,1.76,"Near EMA20, RVOL > 1.5"
PRAKIT.BK,SET,SKIP,25,10.1,39.9,0.42,"EMA50 > EMA200, Near EMA20, Volume Increasing"
COCOCO.BK,SET,SKIP,25,5.55,43.7,0.62,"EMA20 > EMA50, Near EMA20, Volume Increasing"
THCOM.BK,SET,SKIP,25,11.3,43.5,0.85,"EMA50 > EMA200, Near EMA20, Volume Increasing"
PLANB.BK,SET,SKIP,25,4.14,49.2,0.82,"EMA50 > EMA200, Near EMA20, MACD Bullish"
PMTA.BK,SET,SKIP,25,9.5,39.5,0.0,"EMA50 > EMA200, Near EMA20, MACD Bullish"
TNDT.BK,SET,SKIP,25,0.12,39.5,3.31,"Near EMA20, RVOL > 1.5"
AIE.BK,SET,SKIP,25,1.13,39.0,0.26,"EMA50 > EMA200, Near EMA20, Volume Increasing"
TMAN.BK,SET,SKIP,25,11.0,46.6,1.24,"EMA50 > EMA200, Near EMA20, MACD Bullish"
QH.BK,SET,SKIP,25,1.34,46.1,0.46,"EMA50 > EMA200, Near EMA20, MACD Bullish"
PTTGC.BK,SET,SKIP,25,33.5,43.8,1.15,"EMA50 > EMA200, Near EMA20, Volume Increasing"
PTTEP.BK,SET,SKIP,25,134.0,29.8,1.31,"EMA50 > EMA200, Near EMA20, Volume Increasing"
SAMART.BK,SET,SKIP,25,5.55,48.9,0.4,"EMA20 > EMA50, Near EMA20, Volume Increasing"
MFC.BK,SET,SKIP,25,20.1,71.8,0.19,"EMA20 Rising, Close > EMA20, MACD Bullish"
MATCH.BK,SET,SKIP,25,0.88,48.2,0.12,"EMA20 > EMA50, Near EMA20, MACD Bullish"
GCAP.BK,SET,SKIP,25,0.25,46.3,0.95,"EMA20 > EMA50, Near EMA20, Volume Increasing"
GLOBAL.BK,SET,SKIP,25,6.25,39.4,0.85,"EMA50 > EMA200, Near EMA20, Volume Increasing"
BROCK.BK,SET,SKIP,25,1.14,34.5,1.8,"Near EMA20, RVOL > 1.5"
SAMTEL.BK,SET,SKIP,25,3.04,19.0,2.78,"Near EMA20, RVOL > 1.5"
AMARC.BK,SET,SKIP,25,3.34,44.1,0.76,"EMA50 > EMA200, Near EMA20, MACD Bullish"
SNPS,USA,SKIP,25,455.51,41.5,1.47,"EMA50 > EMA200, Near EMA20, Volume Increasing"
SKE.BK,SET,SKIP,25,0.18,49.5,0.37,"EMA20 > EMA50, Near EMA20, MACD Bullish"
SEAOIL.BK,SET,SKIP,25,3.1,34.3,0.43,"EMA50 > EMA200, Near EMA20, MACD Bullish"
SENA.BK,SET,SKIP,25,1.73,38.5,0.82,"EMA50 > EMA200, Near EMA20, Volume Increasing"
CPNCG.BK,SET,SKIP,25,5.05,10.9,2.54,"Near EMA20, RVOL > 1.5"
APO.BK,SET,SKIP,25,2.04,45.4,0.55,"EMA50 > EMA200, Near EMA20, MACD Bullish"
JSP.BK,SET,SKIP,25,1.71,43.7,0.13,"EMA50 > EMA200, Near EMA20, MACD Bullish"
TEAM,USA,SKIP,25,82.72,41.6,1.34,"EMA20 > EMA50, Near EMA20, Volume Increasing"
SOLAR.BK,SET,SKIP,25,0.24,33.1,0.59,"EMA50 > EMA200, Near EMA20, Volume Increasing"
INOX.BK,SET,SKIP,25,4.22,42.4,0.47,"EMA50 > EMA200, Near EMA20, Volume Increasing"
UAC.BK,SET,SKIP,25,2.6,43.7,1.06,"EMA50 > EMA200, Near EMA20, MACD Bullish"
SCG.BK,SET,SKIP,25,2.26,44.8,0.51,"EMA50 > EMA200, Near EMA20, Volume Increasing"
PT.BK,SET,SKIP,20,10.9,46.3,0.81,"Near EMA20, MACD Bullish, Volume Increasing"
WARRIX.BK,SET,SKIP,20,1.35,27.0,1.45,"Near EMA20, MACD Bullish, Volume Increasing"
VL.BK,SET,SKIP,20,0.8,50.7,0.06,"EMA20 > EMA50, Near EMA20"
PPPM.BK,SET,SKIP,20,0.2,41.1,0.59,"Near EMA20, MACD Bullish, Volume Increasing"
FMT.BK,SET,SKIP,20,19.1,41.2,0.0,"EMA20 > EMA50, Near EMA20"
MIPF.BK,SET,SKIP,20,8.95,42.4,0.0,"EMA50 > EMA200, Near EMA20"
THE.BK,SET,SKIP,20,0.75,45.7,0.36,"EMA20 > EMA50, Near EMA20"
CMR.BK,SET,SKIP,20,1.27,39.3,0.32,"EMA50 > EMA200, Near EMA20"
MGT.BK,SET,SKIP,20,1.81,44.4,1.2,"EMA50 > EMA200, Near EMA20"
XYZ.BK,SET,SKIP,20,0.31,42.2,0.8,"Near EMA20, MACD Bullish, Volume Increasing"
CPANEL.BK,SET,SKIP,20,1.27,38.3,0.45,"Near EMA20, MACD Bullish, Volume Increasing"
PHG.BK,SET,SKIP,20,10.2,35.7,0.71,"Near EMA20, MACD Bullish, Volume Increasing"
NAM.BK,SET,SKIP,20,3.52,42.1,1.14,"Near EMA20, MACD Bullish, Volume Increasing"
ADD.BK,SET,SKIP,20,3.22,38.7,0.71,"EMA50 > EMA200, Near EMA20"
MELI,USA,SKIP,20,1635.15,47.4,1.25,"Near EMA20, MACD Bullish, Volume Increasing"
NOBLE.BK,SET,SKIP,20,1.77,39.0,0.97,"Near EMA20, MACD Bullish, Volume Increasing"
NSL.BK,SET,SKIP,20,21.3,49.2,0.8,"Near EMA20, MACD Bullish, Volume Increasing"
EKH.BK,SET,SKIP,20,4.96,51.8,0.99,"EMA20 > EMA50, Near EMA20"
WINMED.BK,SET,SKIP,20,0.79,41.6,1.32,"Near EMA20, MACD Bullish, Volume Increasing"
TK.BK,SET,SKIP,20,4.14,48.8,0.0,"EMA50 > EMA200, Near EMA20"
EMC.BK,SET,SKIP,20,0.02,45.1,0.21,"Near EMA20, MACD Bullish, Volume Increasing"
NEW.BK,SET,SKIP,20,82.5,21.6,0.0,"EMA50 > EMA200, Near EMA20"
TL.BK,SET,SKIP,20,0.37,42.8,0.14,"EMA20 > EMA50, Near EMA20"
MVP.BK,SET,SKIP,20,0.06,42.3,0.79,"Near EMA20, MACD Bullish, Volume Increasing"
THAI.BK,SET,SKIP,20,6.35,44.1,0.59,"EMA20 > EMA50, Near EMA20"
TEGH.BK,SET,SKIP,20,3.1,45.1,0.33,"EMA50 > EMA200, Near EMA20"
TFI.BK,SET,SKIP,20,0.04,41.6,0.87,"Near EMA20, MACD Bullish, Volume Increasing"
TGH.BK,SET,SKIP,20,10.6,47.6,0.06,"Near EMA20, MACD Bullish, Volume Increasing"
PROS.BK,SET,SKIP,20,0.18,44.9,1.12,"Near EMA20, MACD Bullish, Volume Increasing"
AZN,USA,SKIP,20,174.93,38.9,0.83,"EMA50 > EMA200, Near EMA20"
CH.BK,SET,SKIP,20,1.5,46.8,1.04,"Near EMA20, MACD Bullish, Volume Increasing"
BPP.BK,SET,SKIP,20,11.2,40.2,0.36,"EMA50 > EMA200, Near EMA20"
BKA.BK,SET,SKIP,20,0.7,43.1,1.24,"Near EMA20, MACD Bullish, Volume Increasing"
MCOT.BK,SET,SKIP,20,5.7,42.5,0.36,"EMA50 > EMA200, Near EMA20"
BUI.BK,SET,SKIP,20,10.7,33.4,0.44,"EMA50 > EMA200, Near EMA20"
RML.BK,SET,SKIP,20,0.1,44.0,0.07,"Near EMA20, MACD Bullish, Volume Increasing"
READY.BK,SET,SKIP,20,2.96,47.0,0.43,"Near EMA20, MACD Bullish, Volume Increasing"
GRAMMY.BK,SET,SKIP,20,2.98,38.1,1.21,"Near EMA20, MACD Bullish, Volume Increasing"
LPH.BK,SET,SKIP,20,3.56,40.8,0.59,"EMA50 > EMA200, Near EMA20"
UPF.BK,SET,SKIP,20,21.4,43.0,0.13,"EMA20 > EMA50, Near EMA20"
UV.BK,SET,SKIP,20,0.84,47.8,1.35,"Near EMA20, MACD Bullish, Volume Increasing"
SA.BK,SET,SKIP,20,7.1,44.8,0.97,"EMA20 > EMA50, Near EMA20"
BOL.BK,SET,SKIP,20,4.88,42.0,0.71,"Near EMA20, MACD Bullish, Volume Increasing"
SJWD.BK,SET,SKIP,20,7.55,48.7,0.51,"EMA20 > EMA50, Near EMA20"
BANPU.BK,SET,SKIP,20,5.4,36.3,0.51,"EMA50 > EMA200, Near EMA20"
TTLPF.BK,SET,SKIP,20,9.5,38.9,0.29,"Near EMA20, MACD Bullish, Volume Increasing"
HENG.BK,SET,SKIP,20,0.91,50.6,0.13,"EMA20 > EMA50, Near EMA20"
SMD100.BK,SET,SKIP,20,1.12,20.7,0.67,"Near EMA20, MACD Bullish, Volume Increasing"
SNNP.BK,SET,SKIP,20,6.6,42.3,1.43,"Near EMA20, MACD Bullish, Volume Increasing"
KWC.BK,SET,SKIP,20,271.0,49.3,0.0,"EMA20 > EMA50, Near EMA20"
JCK.BK,SET,SKIP,20,0.13,48.1,0.32,"EMA20 > EMA50, Near EMA20"
AP.BK,SET,SKIP,20,7.25,46.1,0.9,"Near EMA20, MACD Bullish, Volume Increasing"
SQ.BK,SET,SKIP,20,0.19,42.0,0.51,"Near EMA20, MACD Bullish, Volume Increasing"
SPTX.BK,SET,SKIP,20,0.01,48.1,0.13,"Near EMA20, MACD Bullish, Volume Increasing"
ASIMAR.BK,SET,SKIP,20,1.34,39.6,1.21,"Near EMA20, MACD Bullish, Volume Increasing"
AMATAV.BK,SET,SKIP,20,1.98,47.5,0.66,"EMA20 > EMA50, Near EMA20"
AMARIN.BK,SET,SKIP,20,2.58,29.7,0.0,"EMA50 > EMA200, Near EMA20"
A.BK,SET,SKIP,15,2.9,17.8,0.0,"Near EMA20, MACD Bullish"
PLTR,USA,SKIP,15,128.47,41.2,1.38,"Near EMA20, Volume Increasing"
INTU,USA,SKIP,15,267.0,31.3,1.3,"Near EMA20, Volume Increasing"
B.BK,SET,SKIP,15,0.03,44.5,0.96,"Near EMA20, Volume Increasing"
SEI.BK,SET,SKIP,15,1.6,39.8,0.31,"Near EMA20, MACD Bullish"
TBN.BK,SET,SKIP,15,3.54,46.2,0.52,"Near EMA20, MACD Bullish"
SYNEX.BK,SET,SKIP,15,9.15,47.6,0.49,"Near EMA20, MACD Bullish"
SCI.BK,SET,SKIP,15,0.95,39.1,0.68,"Near EMA20, Volume Increasing"
CEYE.BK,SET,SKIP,15,1.17,42.2,1.02,"Near EMA20, Volume Increasing"
BTC.BK,SET,SKIP,15,0.15,43.5,0.23,"Near EMA20, MACD Bullish"
SISB.BK,SET,SKIP,15,9.75,46.5,0.71,"Near EMA20, MACD Bullish"
SDC.BK,SET,SKIP,15,0.02,43.9,0.55,"Near EMA20, Volume Increasing"
THIP.BK,SET,SKIP,15,20.6,37.5,0.18,"Near EMA20, MACD Bullish"
PRINC.BK,SET,SKIP,15,1.71,47.9,0.33,"Near EMA20, MACD Bullish"
WSOL.BK,SET,SKIP,15,0.03,22.0,0.0,"Near EMA20, MACD Bullish"
THREL.BK,SET,SKIP,15,0.99,42.0,1.38,"Near EMA20, Volume Increasing"
BYD.BK,SET,SKIP,15,0.49,45.8,0.4,"Near EMA20, Volume Increasing"
CEN.BK,SET,SKIP,15,0.59,43.6,0.67,"Near EMA20, MACD Bullish"
BVG.BK,SET,SKIP,15,1.58,44.4,1.08,"Near EMA20, Volume Increasing"
CGD.BK,SET,SKIP,15,0.1,41.5,0.29,"Near EMA20, Volume Increasing"
SAAM.BK,SET,SKIP,15,4.72,38.7,0.51,"Near EMA20, MACD Bullish"
RS.BK,SET,SKIP,15,0.14,44.2,0.24,"Near EMA20, MACD Bullish"
SAM.BK,SET,SKIP,15,0.12,41.4,0.14,"Near EMA20, Volume Increasing"
SAK.BK,SET,SKIP,15,3.08,46.1,0.59,"Near EMA20, Volume Increasing"
YGG.BK,SET,SKIP,15,0.2,45.4,0.54,"Near EMA20, MACD Bullish"
CPAXT.BK,SET,SKIP,15,14.8,47.6,0.86,"Near EMA20, Volume Increasing"
CITY.BK,SET,SKIP,15,1.18,48.0,0.95,"Near EMA20, MACD Bullish"
CM.BK,SET,SKIP,15,1.56,42.0,0.41,"Near EMA20, Volume Increasing"
PRI.BK,SET,SKIP,15,3.32,23.1,0.84,"Near EMA20, MACD Bullish"
PRECHA.BK,SET,SKIP,15,0.39,47.1,0.14,"Near EMA20, MACD Bullish"
XBIO.BK,SET,SKIP,15,0.07,42.8,0.6,"Near EMA20, Volume Increasing"
DOHOME.BK,SET,SKIP,15,3.34,44.1,1.26,"Near EMA20, Volume Increasing"
CV.BK,SET,SKIP,15,0.03,18.1,,"Near EMA20, MACD Bullish"
DDD.BK,SET,SKIP,15,4.8,43.4,0.78,"Near EMA20, MACD Bullish"
PLUS.BK,SET,SKIP,15,1.18,48.3,0.07,"Near EMA20, MACD Bullish"
PLE.BK,SET,SKIP,15,0.09,35.0,0.35,"Near EMA20, Volume Increasing"
FE.BK,SET,SKIP,15,160.5,40.0,,"Near EMA20, MACD Bullish"
PANEL.BK,SET,SKIP,15,1.17,39.2,0.5,"Near EMA20, Volume Increasing"
EFORL.BK,SET,SKIP,15,0.13,45.8,1.17,"Near EMA20, Volume Increasing"
FPI.BK,SET,SKIP,15,1.5,45.8,0.78,"Near EMA20, MACD Bullish"
EMPIRE.BK,SET,SKIP,15,0.21,28.7,0.67,"Near EMA20, MACD Bullish"
Q-CON.BK,SET,SKIP,15,6.2,48.3,0.94,"Near EMA20, MACD Bullish"
QTCG.BK,SET,SKIP,15,0.09,39.2,0.11,"Near EMA20, Volume Increasing"
PSGC.BK,SET,SKIP,15,5.3,32.0,0.92,"Near EMA20, Volume Increasing"
SPG.BK,SET,SKIP,15,10.5,36.4,0.8,"Near EMA20, Volume Increasing"
SKN.BK,SET,SKIP,15,5.35,46.6,0.42,"Near EMA20, MACD Bullish"
SUN.BK,SET,SKIP,15,2.42,41.9,0.09,"Near EMA20, MACD Bullish"
APCO.BK,SET,SKIP,15,2.6,44.4,0.7,"Near EMA20, Volume Increasing"
ANAN.BK,SET,SKIP,15,0.32,40.4,0.68,"Near EMA20, Volume Increasing"
AKS.BK,SET,SKIP,15,0.01,39.5,0.67,"Near EMA20, Volume Increasing"
MEB.BK,SET,SKIP,15,11.7,45.9,0.39,"Near EMA20, MACD Bullish"
MALEE.BK,SET,SKIP,15,4.04,46.3,0.64,"Near EMA20, Volume Increasing"
ALPHAX.BK,SET,SKIP,15,0.27,38.0,0.1,"Near EMA20, MACD Bullish"
AJA.BK,SET,SKIP,15,0.14,45.4,0.55,"Near EMA20, MACD Bullish"
ORI.BK,SET,SKIP,15,1.68,46.8,0.95,"Near EMA20, MACD Bullish"
PM.BK,SET,SKIP,15,10.7,45.2,0.18,"Near EMA20, MACD Bullish"
TIPCO.BK,SET,SKIP,15,6.0,38.8,0.76,"Near EMA20, MACD Bullish"
FVC.BK,SET,SKIP,15,0.31,47.2,0.32,"Near EMA20, MACD Bullish"
VIBE.BK,SET,SKIP,15,0.34,39.7,0.52,"Near EMA20, Volume Increasing"
WACOAL.BK,SET,SKIP,15,15.3,32.6,0.15,"Near EMA20, Volume Increasing"
NEX.BK,SET,SKIP,15,1.02,44.7,0.5,"Near EMA20, Volume Increasing"
TVDH.BK,SET,SKIP,15,0.04,32.0,0.25,"Near EMA20, Volume Increasing"
IIG.BK,SET,SKIP,15,1.39,47.1,0.37,"Near EMA20, Volume Increasing"
MONO.BK,SET,SKIP,15,0.87,51.1,0.19,"Near EMA20, MACD Bullish"
IHL.BK,SET,SKIP,15,1.37,32.8,0.18,"Near EMA20, Volume Increasing"
HPT.BK,SET,SKIP,15,0.14,27.9,0.86,"Near EMA20, Volume Increasing"
TSR.BK,SET,SKIP,15,0.04,26.9,,"Near EMA20, MACD Bullish"
TPIPP.BK,SET,SKIP,15,1.76,41.8,0.57,"Near EMA20, MACD Bullish"
M-CHAI.BK,SET,SKIP,15,18.6,44.6,0.66,"Near EMA20, Volume Increasing"
TPOLY.BK,SET,SKIP,15,0.12,36.9,0.07,"Near EMA20, MACD Bullish"
KWI.BK,SET,SKIP,15,0.04,21.5,,"Near EMA20, MACD Bullish"
KTIS.BK,SET,SKIP,15,1.85,39.9,1.13,"Near EMA20, Volume Increasing"
NKT.BK,SET,SKIP,15,3.82,37.1,1.2,"Near EMA20, Volume Increasing"
NTV.BK,SET,SKIP,15,18.7,37.4,0.39,"Near EMA20, MACD Bullish"
NAT.BK,SET,SKIP,15,1.79,40.1,0.05,"Near EMA20, MACD Bullish"
NETBAY.BK,SET,SKIP,15,10.0,40.7,1.07,"Near EMA20, MACD Bullish"
AS.BK,SET,SKIP,15,2.3,34.1,1.04,"Near EMA20, MACD Bullish"
DCON.BK,SET,SKIP,10,0.19,43.7,0.79,Near EMA20
ZEN.BK,SET,SKIP,10,5.25,43.1,0.02,Near EMA20
TBSP.BK,SET,SKIP,10,0.87,30.3,0.2,Near EMA20
SIRIPRT.BK,SET,SKIP,10,6.7,40.9,0.0,Near EMA20
RWI.BK,SET,SKIP,10,0.16,27.2,0.7,Near EMA20
SAWANG.BK,SET,SKIP,10,6.3,40.1,0.0,Near EMA20
SFT.BK,SET,SKIP,10,1.42,28.1,0.13,Near EMA20
AF.BK,SET,SKIP,10,0.34,45.8,0.0,Near EMA20
B52.BK,SET,SKIP,10,0.23,45.3,0.03,Near EMA20
SAFE.BK,SET,SKIP,10,5.6,34.7,0.48,Near EMA20
QDC.BK,SET,SKIP,10,0.09,36.4,0.1,Near EMA20
WORK.BK,SET,SKIP,10,3.48,39.8,0.13,Near EMA20
HANN.BK,SET,SKIP,10,0.9,43.7,0.63,Near EMA20
HYDRO.BK,SET,SKIP,10,0.08,29.8,0.46,Near EMA20
PCE.BK,SET,SKIP,10,2.12,30.5,0.94,Near EMA20
HL.BK,SET,SKIP,10,5.55,34.7,0.56,Near EMA20
INSURE.BK,SET,SKIP,10,54.0,10.4,0.0,Near EMA20
GRAND.BK,SET,SKIP,10,0.02,46.8,0.08,Near EMA20
GFC.BK,SET,SKIP,10,2.4,35.6,0.16,Near EMA20
GAHREIT.BK,SET,SKIP,10,3.98,26.4,0.47,Near EMA20
KUN.BK,SET,SKIP,10,0.54,30.7,0.92,Near EMA20
NOVA.BK,SET,SKIP,10,7.0,45.0,0.0,Near EMA20
MNRF.BK,SET,SKIP,10,2.02,47.1,0.31,Near EMA20
MATI.BK,SET,SKIP,10,2.84,31.7,0.0,Near EMA20
LALIN.BK,SET,SKIP,10,4.26,24.0,0.68,Near EMA20
TNL.BK,SET,SKIP,10,20.0,20.8,0.62,Near EMA20
MANRIN.BK,SET,SKIP,10,21.2,26.1,0.35,Near EMA20
AIRA.BK,SET,SKIP,10,1.05,47.2,0.0,Near EMA20
MAGURO.BK,SET,SKIP,10,17.2,45.1,0.5,Near EMA20
ASTR.BK,SET,SKIP,10,4.88,39.9,0.2,Near EMA20
ACC.BK,SET,SKIP,10,0.34,30.2,1.02,Near EMA20
SRICHA.BK,SET,EXTENDED,0,18.9,58.1,1.04,Price too far from EMA20
SSP.BK,SET,EXTENDED,0,4.0,65.8,1.49,Price too far from EMA20
STANLY.BK,SET,EXTENDED,0,246.0,78.3,0.96,RSI Overbought
ATLAS.BK,SET,NO DATA,0,,,,Not enough data
SEAFCO.BK,SET,EXTENDED,0,3.02,76.8,1.62,RSI Overbought
ASK.BK,SET,EXTENDED,0,10.0,66.6,1.15,Price too far from EMA20
SPRIME.BK,SET,EXTENDED,0,4.04,94.8,0.92,RSI Overbought
SR.BK,SET,EXTENDED,0,0.36,60.8,3.99,Price too far from EMA20
SMO.BK,SET,NO DATA,0,,,,Not enough data
SMT.BK,SET,EXTENDED,0,3.68,65.6,0.09,Price too far from EMA20
STOWER.BK,SET,EXTENDED,0,0.04,64.8,0.29,Price too far from EMA20
SVT.BK,SET,EXTENDED,0,1.35,74.0,1.38,Price too far from EMA20
KLAC,USA,EXTENDED,0,259.56,70.2,2.05,Price too far from EMA20
LRCX,USA,EXTENDED,0,389.04,68.6,2.02,Price too far from EMA20
MCHP,USA,EXTENDED,0,99.77,58.1,1.36,Price too far from EMA20
AQUA.BK,SET,EXTENDED,0,0.11,55.3,0.08,Price too far from EMA20
ACAP.BK,SET,NO DATA,0,,,,Not enough data
88TH.BK,SET,NO DATA,0,,,,Not enough data
AMANAH.BK,SET,EXTENDED,0,0.7,63.8,0.41,Price too far from EMA20
ANI.BK,SET,EXTENDED,0,2.8,72.1,0.21,Price too far from EMA20
META.BK,SET,EXTENDED,0,0.05,66.0,1.09,Price too far from EMA20
METCO.BK,SET,EXTENDED,0,295.0,73.4,0.88,RSI Overbought
MGC.BK,SET,EXTENDED,0,6.65,61.8,1.81,Price too far from EMA20
LTMH.BK,SET,EXTENDED,0,5.5,76.9,6.68,Price too far from EMA20
MASTEC.BK,SET,NO DATA,0,,,,Not enough data
MBK.BK,SET,EXTENDED,0,19.4,74.6,3.63,RSI Overbought
LRH.BK,SET,EXTENDED,0,33.75,100.0,,RSI Overbought
TRT.BK,SET,EXTENDED,0,12.1,77.5,0.4,Price too far from EMA20
KTBSTMR.BK,SET,EXTENDED,0,6.3,90.3,0.49,Price too far from EMA20
MUD.BK,SET,EXTENDED,0,0.75,55.6,0.22,Price too far from EMA20
TOA.BK,SET,EXTENDED,0,13.5,65.5,1.65,Price too far from EMA20
MIDA.BK,SET,EXTENDED,0,0.35,63.4,0.33,Price too far from EMA20
MINT.BK,SET,EXTENDED,0,24.5,70.8,2.11,Price too far from EMA20
MJD.BK,SET,EXTENDED,0,0.33,60.9,13.23,Price too far from EMA20
MJLF.BK,SET,NO DATA,0,,,,Not enough data
MK.BK,SET,EXTENDED,0,0.58,62.3,3.5,Price too far from EMA20
ML.BK,SET,EXTENDED,0,1.41,76.2,0.31,Price too far from EMA20
MMM.BK,SET,NO DATA,0,,,,Not enough data
TR.BK,SET,EXTENDED,0,26.25,100.0,,RSI Overbought
TRITN.BK,SET,EXTENDED,0,0.03,56.1,1.22,Price too far from EMA20
KTMS.BK,SET,EXTENDED,0,1.32,60.5,1.03,Price too far from EMA20
L&E.BK,SET,EXTENDED,0,1.26,62.3,0.65,Price too far from EMA20
KCC.BK,SET,EXTENDED,0,3.16,72.8,1.22,Price too far from EMA20
KCE.BK,SET,EXTENDED,0,38.75,62.8,1.22,Price too far from EMA20
KGEN.BK,SET,EXTENDED,0,1.91,69.5,0.33,Price too far from EMA20
KISS.BK,SET,EXTENDED,0,3.58,74.5,0.36,RSI Overbought
KKC.BK,SET,EXTENDED,0,0.04,100.0,,RSI Overbought
KKP.BK,SET,EXTENDED,0,92.75,71.1,1.24,Price too far from EMA20
IVF.BK,SET,EXTENDED,0,0.71,68.0,0.78,Price too far from EMA20
J.BK,SET,EXTENDED,0,0.73,60.7,0.21,Price too far from EMA20
JAK.BK,SET,EXTENDED,0,0.94,81.6,17.77,Price too far from EMA20
TTT.BK,SET,EXTENDED,0,45.25,71.9,0.58,Price too far from EMA20
TURBO.BK,SET,NO DATA,0,,,,Not enough data
NTF.BK,SET,NO DATA,0,,,,Not enough data
NUT.BK,SET,EXTENDED,0,4.66,84.1,2.71,Price too far from EMA20
NV.BK,SET,EXTENDED,0,0.55,66.8,6.54,Price too far from EMA20
NCL.BK,SET,EXTENDED,0,0.2,55.8,0.31,Price too far from EMA20
NDR.BK,SET,EXTENDED,0,2.14,71.3,6.05,Price too far from EMA20
NEO.BK,SET,EXTENDED,0,18.6,73.1,3.01,Price too far from EMA20
MORE.BK,SET,EXTENDED,0,0.06,60.8,1.62,Price too far from EMA20
M-PAT.BK,SET,EXTENDED,0,1.65,74.0,0.8,Price too far from EMA20
MRDIYT.BK,SET,NO DATA,0,,,,Not enough data
TURTLE.BK,SET,EXTENDED,0,3.0,71.0,3.88,Price too far from EMA20
TVT.BK,SET,EXTENDED,0,0.23,67.7,2.91,Price too far from EMA20
IDG.BK,SET,NO DATA,0,,,,Not enough data
IMPACT.BK,SET,EXTENDED,0,12.0,68.5,3.4,Price too far from EMA20
INSET.BK,SET,EXTENDED,0,3.7,70.7,0.8,Price too far from EMA20
HYDROGEN.BK,SET,EXTENDED,0,8.35,72.1,1.58,RSI Overbought
UBIS.BK,SET,EXTENDED,0,1.42,70.4,11.99,Price too far from EMA20
UMI.BK,SET,EXTENDED,0,0.93,66.6,0.37,Price too far from EMA20
UMS.BK,SET,EXTENDED,0,1.27,74.4,0.87,Price too far from EMA20
UNIX.BK,SET,NO DATA,0,,,,Not enough data
UREKA.BK,SET,EXTENDED,0,0.43,61.6,0.08,Price too far from EMA20
GPSC.BK,SET,EXTENDED,0,43.5,68.9,1.3,Price too far from EMA20
GSTEEL.BK,SET,EXTENDED,0,0.09,100.0,,RSI Overbought
GTV.BK,SET,EXTENDED,0,0.03,52.4,0.42,Price too far from EMA20
GVREIT.BK,SET,EXTENDED,0,7.45,86.7,0.84,Price too far from EMA20
GEL.BK,SET,EXTENDED,0,0.03,53.4,0.44,Price too far from EMA20
GLAND.BK,SET,EXTENDED,0,0.74,100.0,,RSI Overbought
WASH.BK,SET,NO DATA,0,,,,Not enough data
TIDLOR.BK,SET,EXTENDED,0,18.8,64.5,0.7,Price too far from EMA20
TIGER.BK,SET,EXTENDED,0,0.7,80.9,6.46,Price too far from EMA20
PLAT.BK,SET,EXTENDED,0,1.24,71.3,7.94,Price too far from EMA20
POPF.BK,SET,EXTENDED,0,8.0,73.2,1.45,RSI Overbought
NWR.BK,SET,EXTENDED,0,0.04,100.0,,RSI Overbought
OHTL.BK,SET,EXTENDED,0,281.0,72.6,0.0,RSI Overbought
ONSENS.BK,SET,NO DATA,0,,,,Not enough data
PAF.BK,SET,EXTENDED,0,0.95,68.9,0.55,Price too far from EMA20
NFC.BK,SET,EXTENDED,0,1.23,100.0,,RSI Overbought
WAVE.BK,SET,EXTENDED,0,0.03,54.0,0.03,Price too far from EMA20
WGE.BK,SET,EXTENDED,0,0.75,60.3,11.06,Price too far from EMA20
EVER.BK,SET,EXTENDED,0,0.11,76.8,6.35,Price too far from EMA20
F&D.BK,SET,NO DATA,0,,,,Not enough data
FNS.BK,SET,EXTENDED,0,0.55,60.5,0.93,Price too far from EMA20
FTE.BK,SET,EXTENDED,0,2.52,77.0,0.74,Price too far from EMA20
ECF.BK,SET,EXTENDED,0,0.06,57.6,0.19,Price too far from EMA20
EPG.BK,SET,EXTENDED,0,5.75,68.1,0.46,Price too far from EMA20
WHART.BK,SET,EXTENDED,0,10.9,74.1,4.98,RSI Overbought
WHAUP.BK,SET,EXTENDED,0,6.6,78.6,1.21,Price too far from EMA20
WIIK.BK,SET,EXTENDED,0,1.06,73.2,1.05,Price too far from EMA20
QTC.BK,SET,EXTENDED,0,4.56,72.1,0.14,RSI Overbought
PROSPECT.BK,SET,EXTENDED,0,9.95,79.8,1.44,Price too far from EMA20
PROUD.BK,SET,EXTENDED,0,1.02,65.9,1.91,Price too far from EMA20
PSP.BK,SET,EXTENDED,0,6.55,85.6,0.79,Price too far from EMA20
PTL.BK,SET,EXTENDED,0,10.6,67.7,2.27,Price too far from EMA20
PORT.BK,SET,EXTENDED,0,0.68,64.0,0.16,Price too far from EMA20
PPS.BK,SET,EXTENDED,0,0.19,60.5,0.12,Price too far from EMA20
DIMET.BK,SET,EXTENDED,0,0.06,58.8,0.78,Price too far from EMA20
DMT.BK,SET,EXTENDED,0,11.7,77.4,14.15,RSI Overbought
DUSIT.BK,SET,EXTENDED,0,11.2,69.1,1.1,Price too far from EMA20
CTARAF.BK,SET,EXTENDED,0,4.64,76.2,0.09,RSI Overbought
CTW.BK,SET,EXTENDED,0,7.3,82.8,0.13,Price too far from EMA20
CWT.BK,SET,EXTENDED,0,0.86,66.9,0.76,Price too far from EMA20
DEMCO.BK,SET,EXTENDED,0,3.04,70.9,0.22,Price too far from EMA20
XO.BK,SET,EXTENDED,0,15.7,62.8,0.33,Price too far from EMA20
CPTREIT.BK,SET,EXTENDED,0,6.5,84.9,,RSI Overbought
CRANE.BK,SET,EXTENDED,0,0.43,57.0,5.76,Price too far from EMA20
CRC.BK,SET,EXTENDED,0,23.2,75.7,0.91,Price too far from EMA20
CRD.BK,SET,EXTENDED,0,0.43,64.8,1.77,Price too far from EMA20
CIMBT.BK,SET,EXTENDED,0,0.37,100.0,,RSI Overbought
CK.BK,SET,EXTENDED,0,20.2,65.4,2.35,Price too far from EMA20
CMC.BK,SET,EXTENDED,0,0.47,82.7,13.73,Price too far from EMA20
CMO.BK,SET,EXTENDED,0,0.8,62.3,1.67,Price too far from EMA20
CNT.BK,SET,EXTENDED,0,1.65,60.8,0.87,Price too far from EMA20
COM7.BK,SET,EXTENDED,0,28.25,72.9,2.04,Price too far from EMA20
AMAT,USA,EXTENDED,0,617.11,76.0,1.8,Price too far from EMA20
AMD,USA,EXTENDED,0,537.37,61.2,1.37,Price too far from EMA20
ARM,USA,EXTENDED,0,439.46,69.0,2.42,Price too far from EMA20
TCAP.BK,SET,EXTENDED,0,65.25,79.5,2.22,Price too far from EMA20
S&J.BK,SET,NO DATA,0,,,,Not enough data
SAF.BK,SET,EXTENDED,0,0.39,66.0,13.67,Price too far from EMA20
SALEE.BK,SET,EXTENDED,0,0.55,62.7,1.8,Price too far from EMA20
SANKO.BK,SET,EXTENDED,0,1.03,72.4,6.96,Price too far from EMA20
ROH.BK,SET,EXTENDED,0,1.21,100.0,,RSI Overbought
RP.BK,SET,EXTENDED,0,0.68,59.8,3.03,Price too far from EMA20
TCOAT.BK,SET,EXTENDED,0,29.0,66.7,0.0,Price too far from EMA20
TGPRO.BK,SET,EXTENDED,0,0.04,57.7,0.19,Price too far from EMA20
ASML,USA,EXTENDED,0,1929.68,65.7,1.22,Price too far from EMA20
CFRESH.BK,SET,EXTENDED,0,1.06,69.7,1.48,Price too far from EMA20
CHG.BK,SET,EXTENDED,0,1.54,72.3,1.23,Price too far from EMA20
CHOTI.BK,SET,EXTENDED,0,68.75,81.2,0.0,RSI Overbought
CENTEL.BK,SET,EXTENDED,0,36.25,65.7,1.35,Price too far from EMA20
BLISS.BK,SET,EXTENDED,0,0.03,100.0,,RSI Overbought
BPS.BK,SET,EXTENDED,0,0.5,58.8,4.76,Price too far from EMA20
BR.BK,SET,EXTENDED,0,1.89,82.0,1.87,Price too far from EMA20
BSM.BK,SET,EXTENDED,0,0.35,59.4,1.08,Price too far from EMA20
BGT.BK,SET,EXTENDED,0,0.39,64.0,10.43,Price too far from EMA20
SINGER.BK,SET,EXTENDED,0,9.15,65.6,0.91,Price too far from EMA20
SKIN.BK,SET,NO DATA,0,,,,Not enough data
STECON.BK,SET,EXTENDED,0,18.7,76.4,1.67,Price too far from EMA20
SCAP.BK,SET,EXTENDED,0,1.65,63.7,0.25,Price too far from EMA20
SCC.BK,SET,EXTENDED,0,248.0,73.9,1.75,RSI Overbought
SCGP.BK,SET,EXTENDED,0,26.5,67.3,1.81,Price too far from EMA20
TAPAC.BK,SET,EXTENDED,0,0.54,100.0,,RSI Overbought
BKIH.BK,SET,EXTENDED,0,374.0,74.1,0.11,RSI Overbought
DASH,USA,EXTENDED,0,173.46,59.4,1.61,Price too far from EMA20
BCPG.BK,SET,EXTENDED,0,7.35,67.0,4.29,Price too far from EMA20
BEM.BK,SET,EXTENDED,0,5.75,67.8,1.13,Price too far from EMA20
BGC.BK,SET,EXTENDED,0,7.05,75.0,1.08,Price too far from EMA20
BGRIM.BK,SET,EXTENDED,0,17.2,76.4,0.94,Price too far from EMA20
ASEFA.BK,SET,EXTENDED,0,5.8,64.0,0.42,Price too far from EMA20
AWC.BK,SET,EXTENDED,0,2.62,72.4,0.86,Price too far from EMA20
BA.BK,SET,EXTENDED,0,17.3,69.0,1.16,Price too far from EMA20
BAFS.BK,SET,EXTENDED,0,9.6,67.3,0.72,Price too far from EMA20
BAY.BK,SET,EXTENDED,0,38.5,73.7,0.36,Price too far from EMA20
GFS,USA,EXTENDED,0,85.83,60.9,0.48,Price too far from EMA20
INTC,USA,EXTENDED,0,133.99,64.2,1.78,Price too far from EMA20
MRVL,USA,EXTENDED,0,310.58,64.6,3.55,Price too far from EMA20
MU,USA,EXTENDED,0,1133.99,66.4,1.19,Price too far from EMA20
PANW,USA,EXTENDED,0,287.78,66.5,1.33,Price too far from EMA20
ABM.BK,SET,EXTENDED,0,0.53,66.4,9.66,Price too far from EMA20
TXN,USA,EXTENDED,0,322.86,62.0,2.42,Price too far from EMA20
ADB.BK,SET,EXTENDED,0,0.73,62.5,0.59,Price too far from EMA20
